,Constituency,Electorate 2000,Electorate 2010,Electorate 2015,Largest county,Country,Region,mp,ons_code,signature_count,Percent Signed
0,Aldershot,"66,499","71,908",72430.0,Hampshire,England,South East,Sir Gerald Howarth MP,E14000530,1780,2.457545216070689
1,Aldridge-Brownhills,"58,695","59,506",60215.0,West Midlands,England,West Midlands,Wendy Morton MP,E14000531,737,1.2239475213817155
2,Altrincham and Sale West,"69,605","72,008",71511.0,Greater Manchester,England,North West,Mr Graham Brady MP,E14000532,2783,3.8917089678511
3,Amber Valley,"66,406","69,538",69510.0,Derbyshire,England,East Midlands,Nigel Mills MP,E14000533,1013,1.4573442670119408
4,Arundel and South Downs,"71,203","76,697",77242.0,West Sussex,England,South East,Rt Hon Nick Herbert MP,E14000534,2767,3.582247999792859
5,Ashfield,"74,674","77,049",77091.0,Nottinghamshire,England,East Midlands,Gloria De Piero MP,E14000535,985,1.2777107574165596
6,Ashford,"72,501","81,947",85177.0,Kent,England,South East,Rt Hon Damian Green MP,E14000536,1984,2.329267290465736
7,Ashton-under-Lyne,"67,334","68,553",68343.0,Greater Manchester,England,North West,Angela Rayner MP,E14000537,1170,1.7119529432421756
8,Aylesbury,"72,023","78,750",80315.0,Buckinghamshire,England,South East,Rt Hon David Lidington MP,E14000538,2438,3.0355475315943474
9,Banbury,"78,817","84,063",86420.0,Oxfordshire,England,South East,Victoria Prentis MP,E14000539,2732,3.1613052534135613
10,Barking,"72,498","74,027",73977.0,London (Barking and Dagenham),England,London,Rt Hon Dame Margaret Hodge MP,E14000540,1959,2.6481203617340525
11,Barnsley Central,"64,117","64,732",64534.0,South Yorkshire,England,Yorkshire & the Humber,Dan Jarvis MP,E14000541,801,1.2412061858865093
12,Barnsley East,"65,237","68,243",69135.0,South Yorkshire,England,Yorkshire & the Humber,Michael Dugher MP,E14000542,745,1.077601793592247
13,Barrow and Furness,"69,142","69,148",68338.0,Cumbria,England,North West,John Woodcock MP,E14000543,1367,2.0003511955281104
14,Basildon and Billericay,"65,475","65,373",66347.0,Essex,England,Eastern,Mr John Baron MP,E14000544,1241,1.8704688983676732
15,Basingstoke,"69,987","75,470",79665.0,Hampshire,England,South East,Rt Hon Maria Miller MP,E14000545,2223,2.7904349463377893
16,Bassetlaw,"75,036","78,306",76796.0,Nottinghamshire,England,East Midlands,John Mann MP,E14000546,1037,1.3503307463930412
17,Bath,"65,048","66,690",63084.0,Bath and North East Somerset,England,South West,Ben Howlett MP,E14000547,4442,7.041405110646122
18,Batley and Spen,"75,443","77,472",78373.0,West Yorkshire (Kirklees),England,Yorkshire & the Humber,Tracy Brabin MP,E14000548,2015,2.5710384954002015
19,Battersea,"67,111","73,028",76111.0,London (Wandsworth),England,London,Jane Ellison MP,E14000549,5886,7.733441946630578
20,Beaconsfield,"72,604","75,320",74726.0,Buckinghamshire,England,South East,Rt Hon Dominic Grieve QC MP,E14000550,2435,3.2585713138666597
21,Beckenham,"63,405","66,470",67439.0,London (Bromley),England,London,Bob Stewart MP,E14000551,2669,3.95765061759516
22,Bedford,"68,867","69,019",69311.0,Bedfordshire,England,Eastern,Richard Fuller MP,E14000552,2211,3.1899698460561816
23,Bermondsey and Old Southwark,"66,206","77,186",83298.0,London (Southwark),England,London,Neil Coyle MP,E14000553,6915,8.301519844414033
24,Berwick-upon-Tweed,"57,571","55,785",56969.0,Northumberland,England,North East,Mrs Anne-Marie Trevelyan MP,E14000554,1443,2.532956520212747
25,Bethnal Green and Bow,"66,423","79,581",82727.0,London (Tower Hamlets),England,London,Rushanara Ali MP,E14000555,9231,11.158388434247584
26,Beverley and Holderness,"74,488","79,775",80805.0,East Yorkshire,England,Yorkshire & the Humber,Graham Stuart MP,E14000556,1637,2.0258647360930633
27,Bexhill and Battle,"73,593","78,602",78796.0,East Sussex,England,South East,Huw Merriman MP,E14000557,2091,2.6536880044672317
28,Bexleyheath and Crayford,"64,032","64,144",64828.0,London (Bexley),England,London,Rt Hon David Evennett MP,E14000558,1320,2.03615721601777
29,Birkenhead,"66,452","62,432",62410.0,Merseyside,England,North West,Rt Hon Frank Field MP,E14000559,1566,2.5092132671046303
30,"Birmingham, Edgbaston","71,523","69,039",65591.0,West Midlands,England,West Midlands,Rt Hon Gisela Stuart MP,E14000560,2481,3.7825311399429804
31,"Birmingham, Erdington","67,357","67,598",65128.0,West Midlands,England,West Midlands,Jack Dromey MP,E14000561,1271,1.9515415796585185
32,"Birmingham, Hall Green","74,814","77,157",76330.0,West Midlands,England,West Midlands,Mr Roger Godsiff MP,E14000562,4296,5.628193370889559
33,"Birmingham, Hodge Hill","75,563","75,595",75302.0,West Midlands,England,West Midlands,Rt Hon Liam Byrne MP,E14000563,2380,3.1606066239940507
34,"Birmingham, Ladywood","65,061","74,008",68128.0,West Midlands,England,West Midlands,Shabana Mahmood MP,E14000564,2862,4.200915922968529
35,"Birmingham, Northfield","73,731","72,190",71428.0,West Midlands,England,West Midlands,Richard Burden MP,E14000565,1518,2.1252170017360137
36,"Birmingham, Perry Barr","72,968","71,794",69943.0,West Midlands,England,West Midlands,Mr Khalid Mahmood MP,E14000566,1570,2.244684957751312
37,"Birmingham, Selly Oak","74,283","75,668",75092.0,West Midlands,England,West Midlands,Steve McCabe MP,E14000567,3208,4.272092899376764
38,"Birmingham, Yardley","73,864","73,261",72146.0,West Midlands,England,West Midlands,Jess Phillips MP,E14000568,1811,2.5101876749923764
39,Bishop Auckland,"67,474","68,501",66070.0,County Durham,England,North East,Helen Goodman MP,E14000569,1021,1.545330709853186
40,Blackburn,"73,010","72,112",73260.0,Lancashire,England,North West,Kate Hollern MP,E14000570,2329,3.179088179088179
41,Blackpool North and Cleveleys,"65,449","66,187",71913.0,Lancashire,England,North West,Paul Maynard MP,E14000572,948,1.3182595636393977
42,Blackpool South,"64,002","64,081",62468.0,Lancashire,England,North West,Gordon Marsden MP,E14000573,807,1.2918614330537235
43,Blackley and Broughton,"65,982","69,006",57411.0,Greater Manchester,England,North West,Graham Stringer MP,E14000571,1926,3.354757799028061
44,Blaydon,"69,530","68,156",67901.0,Tyne and Wear,England,North East,Mr David Anderson MP,E14000574,1565,2.304826143944861
45,Blyth Valley,"62,657","63,173",61247.0,Northumberland,England,North East,Mr Ronnie Campbell MP,E14000575,1016,1.6588567603311184
46,Bognor Regis and Littlehampton,"71,328","70,535",72995.0,West Sussex,England,South East,Nick Gibb MP,E14000576,1643,2.2508390985683953
47,Bolsover,"70,448","72,162",71979.0,Derbyshire,England,East Midlands,Mr Dennis Skinner MP,E14000577,868,1.2059072785117881
48,Bolton North East,"71,024","66,600",67895.0,Greater Manchester,England,North West,Sir David Crausby MP,E14000578,1585,2.3344870756314897
49,Bolton South East,"73,348","69,088",69687.0,Greater Manchester,England,North West,Yasmin Qureshi MP,E14000579,1533,2.1998364113823237
50,Bolton West,"68,575","71,454",72719.0,Greater Manchester,England,North West,Chris Green MP,E14000580,1433,1.9705991556539557
51,Bootle,"75,032","70,824",70145.0,Merseyside,England,North West,Peter Dowd MP,E14000581,1782,2.540451921020743
52,Boston and Skegness,"71,003","70,620",67064.0,Lincolnshire,England,East Midlands,Matt Warman MP,E14000582,734,1.0944769175712752
53,Bosworth,"72,948","77,787",79738.0,Leicestershire,England,East Midlands,David Tredinnick MP,E14000583,1525,1.9125134816524119
54,Bournemouth East,"71,125","72,961",72275.0,Dorset,England,South West,Mr Tobias Ellwood MP,E14000584,2307,3.1919750951227948
55,Bournemouth West,"68,080","72,714",72082.0,Dorset,England,South West,Conor Burns MP,E14000585,2120,2.941094864182459
56,Bracknell,"74,307","77,490",81271.0,Berkshire,England,South East,Dr Phillip Lee MP,E14000586,2121,2.6097870088961623
57,Bradford East,"70,863","66,718",66121.0,West Yorkshire (Bradford),England,Yorkshire & the Humber,Imran Hussain MP,E14000587,2025,3.062567111810166
58,Bradford South,"67,201","64,715",63674.0,West Yorkshire (Bradford),England,Yorkshire & the Humber,Judith Cummins MP,E14000588,1258,1.9756886641329272
59,Bradford West,"69,967","63,425",63372.0,West Yorkshire (Bradford),England,Yorkshire & the Humber,Naz Shah MP,E14000589,2723,4.2968503440005055
60,Braintree,"65,616","72,064",73557.0,Essex,England,Eastern,James Cleverly MP,E14000590,1453,1.975338852862406
61,Brent Central,"71,073","73,385",77038.0,London (Brent),England,London,Dawn Butler MP,E14000591,4118,5.345413951556375
62,Brent North,"71,398","82,648",82196.0,London (Brent),England,London,Barry Gardiner MP,E14000592,2681,3.2617158985838732
63,Brentford and Isleworth,"79,334","83,332",84602.0,London (Hounslow),England,London,Ruth Cadbury MP,E14000593,5022,5.936029881090281
64,Brentwood and Ongar,"68,099","71,041",71918.0,Essex,England,Eastern,Rt Hon Sir Eric Pickles MP,E14000594,1632,2.2692510915208985
65,Bridgwater and West Somerset,"77,780","82,936",80491.0,Somerset,England,South West,Mr Ian Liddell-Grainger MP,E14000595,1808,2.246213862419401
66,Brigg and Goole,"62,246","66,734",68488.0,East Yorkshire & North Lincolnshire,England,Yorkshire & the Humber,Andrew Percy MP,E14000596,926,1.3520616750379628
67,"Brighton, Kemptown","65,563","66,557",67858.0,East Sussex,England,South East,Simon Kirby MP,E14000597,4368,6.436971322467505
68,"Brighton, Pavilion","70,509","73,430",76557.0,East Sussex,England,South East,Caroline Lucas MP,E14000598,9097,11.88264952910903
69,Bristol East,"68,245","69,347",71193.0,Bristol,England,South West,Kerry McCarthy MP,E14000599,3345,4.698495638616156
70,Bristol North West,"72,563","73,920",74743.0,Bristol,England,South West,Charlotte Leslie MP,E14000600,3434,4.594410178879627
71,Bristol South,"75,410","78,703",81496.0,Bristol,England,South West,Karin Smyth MP,E14000601,4523,5.549965642485521
72,Bristol West,"74,262","82,503",91236.0,Bristol,England,South West,Thangam Debbonaire MP,E14000602,10599,11.617124819150336
73,Broadland,"71,241","73,066",73552.0,Norfolk,England,Eastern,Rt Hon Keith Simpson MP,E14000603,1830,2.488035675440505
74,Bromley and Chislehurst,"63,489","65,508",65477.0,London (Bromley),England,London,Robert Neill MP,E14000604,2412,3.6837362738060695
75,Bromsgrove,"68,443","73,279",73337.0,Worcestershire,England,West Midlands,Rt Hon Sajid Javid MP,E14000605,1665,2.2703410284031253
76,Broxbourne,"67,800","71,872",72944.0,Hertfordshire,England,Eastern,Mr Charles Walker MP,E14000606,1302,1.7849309059004166
77,Broxtowe,"73,073","71,961",71764.0,Nottinghamshire,England,East Midlands,Rt Hon Anna Soubry MP,E14000607,2634,3.6703639707931557
78,Buckingham,"69,560","75,837",77425.0,Buckinghamshire,England,South East,Rt Hon John Bercow MP,E14000608,2628,3.3942525024216983
79,Burnley,"67,256","67,003",64477.0,Lancashire,England,North West,Julie Cooper MP,E14000609,1031,1.599019805512043
80,Burton,"70,324","75,302",75248.0,Staffordshire,England,West Midlands,Andrew Griffiths MP,E14000610,1330,1.7674888369126092
81,Bury North,"65,440","67,911",67580.0,Greater Manchester,England,North West,Mr David Nuttall MP,E14000611,1656,2.4504291210417284
82,Bury South,"73,212","75,140",73883.0,Greater Manchester,England,North West,Mr Ivan Lewis MP,E14000612,1993,2.697508222459835
83,Bury St Edmunds,"76,640","85,933",85982.0,Suffolk,England,Eastern,Jo Churchill MP,E14000613,2244,2.6098485729571306
84,Calder Valley,"75,379","76,041",77754.0,West Yorkshire (Calderdale),England,Yorkshire & the Humber,Craig Whittaker MP,E14000614,2975,3.826169714741364
85,Camberwell and Peckham,"67,764","78,605",82746.0,London (Southwark),England,London,Rt Hon Harriet Harman QC MP,E14000615,7379,8.917651608536968
86,Camborne and Redruth,"60,773","64,798",66944.0,Cornwall,England,South West,George Eustice MP,E14000616,1831,2.7351218929254304
87,Cambridge,"76,906","75,259",83384.0,Cambridgeshire,England,Eastern,Daniel Zeichner MP,E14000617,7204,8.63954715532956
88,Cannock Chase,"70,995","75,680",74532.0,Staffordshire,England,West Midlands,Amanda Milling MP,E14000618,833,1.117640744914936
89,Canterbury,"72,745","73,779",81341.0,Kent,England,South East,Sir Julian Brazier MP,E14000619,3835,4.714719514144158
90,Carlisle,"63,001","66,322",65827.0,Cumbria,England,North West,John Stevenson MP,E14000620,1189,1.8062497151624712
91,Carshalton and Wallington,"65,610","67,044",69981.0,London (Sutton),England,London,Rt Hon Tom Brake MP,E14000621,2291,3.2737457309841242
92,Castle Point,"68,065","64,562",68170.0,Essex,England,Eastern,Rebecca Harris MP,E14000622,843,1.2366143464867243
93,Central Devon,"63,563","71,563",72737.0,Devon,England,South West,Mel Stride MP,E14000623,2809,3.8618584764287776
94,Central Suffolk and North Ipswich,"69,264","76,177",76666.0,Suffolk,England,Eastern,Dr Dan Poulter MP,E14000624,1959,2.5552396107792243
95,Charnwood,"70,869","75,454",77269.0,Leicestershire,England,East Midlands,Edward Argar MP,E14000625,1512,1.956800269189455
96,Chatham and Aylesford,"66,482","68,437",66355.0,Kent,England,South East,Tracey Crouch MP,E14000626,1194,1.7994122522794063
97,Cheadle,"72,933","71,797",73239.0,Greater Manchester,England,North West,Mary Robinson MP,E14000627,2514,3.432597386638266
98,Chelmsford,"72,835","77,835",78580.0,Essex,England,Eastern,Rt Hon Sir Simon Burns MP,E14000628,2390,3.04148638330364
99,Chelsea and Fulham,"63,330","62,958",63478.0,London (Hammersmith and Fulham and Kensington and Chelsea),England,London,Rt Hon Greg Hands MP,E14000629,3879,6.110778537446044
100,Cheltenham,"73,330","77,937",77287.0,Gloucestershire,England,South West,Alex Chalk MP,E14000630,3183,4.118415774968623
101,Chesham and Amersham,"70,596","70,723",72547.0,Buckinghamshire,England,South East,Rt Hon Cheryl Gillan MP,E14000631,2689,3.7065626421492275
102,Chesterfield,"71,299","72,866",71625.0,Derbyshire,England,East Midlands,Toby Perkins MP,E14000632,1338,1.868062827225131
103,Chichester,"75,499","81,804",83396.0,West Sussex,England,South East,Rt Hon Andrew Tyrie MP,E14000633,2662,3.191999616288551
104,Chingford and Woodford Green,"63,910","64,770",66680.0,London (Redbridge and Waltham Forest),England,London,Rt Hon Iain Duncan Smith MP,E14000634,2527,3.789742051589682
105,Chippenham,"65,755","73,312",74218.0,Wiltshire,England,South West,Michelle Donelan MP,E14000635,2641,3.558435958931796
106,Chipping Barnet,"74,890","76,455",77807.0,London (Barnet),England,London,Rt Hon Theresa Villiers MP,E14000636,3907,5.021399102908479
107,Chorley,"68,899","71,333",74679.0,Lancashire,England,North West,Rt Hon Lindsay Hoyle MP,E14000637,1647,2.205439280118909
108,Christchurch,"66,744","69,008",69303.0,Dorset,England,South West,Mr Christopher Chope MP,E14000638,1281,1.8484048309596985
109,Cities of London and Westminster,"61,621","65,140",60992.0,London (City and Westminster),England,London,Rt Hon Mark Field MP,E14000639,5747,9.42254721930745
110,City of Chester,"69,279","68,280",74485.0,Cheshire,England,North West,Christian Matheson MP,E14000640,2663,3.5752164865409144
111,City of Durham,"69,926","72,659",68725.0,County Durham,England,North East,Dr Roberta Blackman-Woods MP,E14000641,2378,3.4601673335758454
112,Clacton,"65,999","67,447",68936.0,Essex,England,Eastern,Mr Douglas Carswell MP,E14000642,837,1.2141696646164557
113,Cleethorpes,"68,938","70,895",71008.0,East Yorkshire & North Lincolnshire,England,Yorkshire & the Humber,Martin Vickers MP,E14000643,965,1.35900180261379
114,Colchester,"70,933","73,638",74204.0,Essex,England,Eastern,Will Quince MP,E14000644,2606,3.511940057139777
115,Colne Valley,"78,355","80,791",82516.0,West Yorkshire (Kirklees),England,Yorkshire & the Humber,Jason McCartney MP,E14000645,2643,3.203015172814969
116,Congleton,"71,944","73,820",72503.0,Cheshire,England,North West,Fiona Bruce MP,E14000646,1724,2.377832641407942
117,Copeland,"62,517","63,696",62087.0,Cumbria,England,North West,,E14000647,1034,1.6654049962149888
118,Corby,"72,053","79,468",79775.0,Northamptonshire,England,East Midlands,Tom Pursglove MP,E14000648,1732,2.1711062362895643
119,Coventry North East,"76,185","74,870",75462.0,West Midlands,England,West Midlands,Colleen Fletcher MP,E14000649,1591,2.108345922451035
120,Coventry North West,"73,595","74,180",73626.0,West Midlands,England,West Midlands,Mr Geoffrey Robinson MP,E14000650,1724,2.341564121370168
121,Coventry South,"72,903","75,705",70397.0,West Midlands,England,West Midlands,Mr Jim Cunningham MP,E14000651,2314,3.2870718922681363
122,Crawley,"71,789","71,793",73936.0,West Sussex,England,South East,Henry Smith MP,E14000652,2093,2.83082666089591
123,Crewe and Nantwich,"69,130","78,845",74169.0,Cheshire,England,North West,Edward Timpson MP,E14000653,1645,2.2179077512168157
124,Croydon Central,"73,420","76,980",78171.0,London (Croydon),England,London,Gavin Barwell MP,E14000654,2751,3.519207890394136
125,Croydon North,"79,819","85,107",85941.0,London (Croydon),England,London,Mr Steve Reed MP,E14000655,3835,4.46236371464144
126,Croydon South,"78,363","81,554",82010.0,London (Croydon),England,London,Chris Philp MP,E14000656,3023,3.6861358370930373
127,Dagenham and Rainham,"71,205","70,187",69128.0,London (Barking and Dagenham and Havering),England,London,Jon Cruddas MP,E14000657,1172,1.6954056243490339
128,Darlington,"65,872","67,476",65851.0,County Durham,England,North East,Jenny Chapman MP,E14000658,1371,2.0819729389075334
129,Dartford,"69,471","74,756",75209.0,Kent,England,South East,Gareth Johnson MP,E14000659,1693,2.251060378412158
130,Daventry,"67,256","71,903",72873.0,Northamptonshire,England,East Midlands,Chris Heaton-Harris MP,E14000660,1769,2.4275108750840504
131,Denton and Reddish,"65,855","65,684",66141.0,Greater Manchester,England,North West,Andrew Gwynne MP,E14000661,1279,1.933747599824617
132,Derby North,"71,311","72,617",69794.0,Derbyshire,England,East Midlands,Amanda Solloway MP,E14000662,2103,3.013152993093962
133,Derby South,"69,584","72,048",70240.0,Derbyshire,England,East Midlands,Rt Hon Margaret Beckett MP,E14000663,1621,2.307801822323462
134,Derbyshire Dales,"62,511","63,732",63476.0,Derbyshire,England,East Midlands,Rt Hon Sir Patrick McLoughlin MP,E14000664,2054,3.2358686747747183
135,Devizes,"64,707","68,846",69205.0,Wiltshire,England,South West,Claire Perry MP,E14000665,1917,2.770031067119428
136,Dewsbury,"76,886","79,634",79770.0,West Yorkshire (Kirklees),England,Yorkshire & the Humber,Paula Sherriff MP,E14000666,2111,2.646358280055159
137,Don Valley,"72,358","73,674",71299.0,South Yorkshire,England,Yorkshire & the Humber,Rt Hon Caroline Flint MP,E14000667,951,1.3338195486612716
138,Doncaster Central,"74,388","73,874",71136.0,South Yorkshire,England,Yorkshire & the Humber,Rt Hon Dame  Rosie Winterton MP,E14000668,1125,1.5814777327935223
139,Doncaster North,"73,907","72,855",70989.0,South Yorkshire,England,Yorkshire & the Humber,Rt Hon Edward Miliband MP,E14000669,798,1.1241178210708702
140,Dover,"69,932","71,993",72930.0,Kent,England,South East,Charlie Elphicke MP,E14000670,1581,2.1678321678321675
141,Dudley North,"60,992","61,714",60717.0,West Midlands,England,West Midlands,Ian Austin MP,E14000671,830,1.3669977106905808
142,Dudley South,"60,844","61,308",60363.0,West Midlands,England,West Midlands,Mike Wood MP,E14000672,750,1.2424829779832016
143,Dulwich and West Norwood,"66,856","71,523",76575.0,London (Lambeth and Southwark),England,London,Helen Hayes MP,E14000673,7864,10.269670257917076
144,Ealing Central and Acton,"71,258","69,828",71422.0,London (Ealing),England,London,Dr Rupa Huq MP,E14000674,5811,8.13614852566436
145,Ealing North,"72,971","73,105",73881.0,London (Ealing),England,London,Stephen Pound MP,E14000675,2919,3.9509481463434444
146,"Ealing, Southall","62,341","65,768",65606.0,London (Ealing),England,London,Mr Virendra Sharma MP,E14000676,2637,4.019449440599946
147,Easington,"62,562","65,618",61659.0,County Durham,England,North East,Grahame Morris MP,E14000677,676,1.0963525195024246
148,East Devon,"69,068","72,406",76519.0,Devon,England,South West,Rt Hon Sir Hugo  Swire MP,E14000678,2510,3.2802310537252186
149,East Ham,"72,900","91,531",87382.0,London (Newham),England,London,Rt Hon Stephen Timms MP,E14000679,3429,3.9241491382664617
150,East Hampshire,"67,452","72,648",71074.0,Hampshire,England,South East,Damian Hinds MP,E14000680,2344,3.2979711286827813
151,East Surrey,"74,786","77,145",79654.0,Surrey,England,South East,Mr Sam Gyimah MP,E14000681,2354,2.955281592889246
152,East Worthing and Shoreham,"71,760","72,996",74775.0,West Sussex,England,South East,Tim Loughton MP,E14000682,2765,3.697759946506185
153,East Yorkshire,"72,018","80,435",81023.0,Humberside,England,Yorkshire & the Humber,Rt Hon Sir Greg Knight MP,E14000683,1417,1.7488861187564024
154,Eastbourne,"66,949","76,978",78262.0,East Sussex,England,South East,Caroline Ansell MP,E14000684,2315,2.9580128287035854
155,Eastleigh,"72,715","78,313",79609.0,Hampshire,England,South East,Mims Davies MP,E14000685,2015,2.5311208531698677
156,Eddisbury,"63,923","65,914",68569.0,Cheshire,England,North West,Antoinette Sandbach MP,E14000686,1446,2.108824687541017
157,Edmonton,"65,443","64,356",66016.0,London (Enfield),England,London,Kate Osamor MP,E14000687,1757,2.661476005816772
158,Ellesmere Port and Neston,"68,372","66,995",69223.0,Cheshire,England,North West,Justin Madders MP,E14000688,1406,2.031116825332621
159,Elmet and Rothwell,"76,580","77,994",79143.0,West Yorkshire (Leeds),England,Yorkshire & the Humber,Alec Shelbrooke MP,E14000689,1826,2.307216051956585
160,Eltham,"64,907","63,059",63998.0,London (Greenwich),England,London,Clive Efford MP,E14000690,2561,4.001687552736024
161,Enfield North,"65,709","66,761",68118.0,London (Enfield),England,London,Rt Hon Joan Ryan MP,E14000691,1978,2.9037846090607475
162,"Enfield, Southgate","67,943","64,932",64937.0,London (Enfield),England,London,Mr David Burrowes MP,E14000692,3267,5.031030075303756
163,Epping Forest,"70,441","72,212",73447.0,Essex,England,Eastern,Mrs Eleanor Laing MP,E14000693,1722,2.3445477691396515
164,Epsom and Ewell,"72,866","76,916",78633.0,Surrey,England,South East,Rt Hon Chris Grayling MP,E14000694,2804,3.565932878053743
165,Erewash,"68,934","70,022",71943.0,Derbyshire,England,East Midlands,Maggie Throup MP,E14000695,1422,1.9765647804511906
166,Erith and Thamesmead,"64,307","69,718",70397.0,London (Bexley and Greenwich),England,London,Teresa Pearce MP,E14000696,1501,2.132193133230109
167,Esher and Walton,"74,052","76,962",79894.0,Surrey,England,South East,Dominic Raab MP,E14000697,3429,4.291936816281574
168,Exeter,"74,492","76,796",76968.0,Devon,England,South West,Rt Hon Ben Bradshaw MP,E14000698,3907,5.076135536846482
169,Fareham,"71,423","76,457",77114.0,Hampshire,England,South East,Suella Fernandes MP,E14000699,1863,2.415903726949711
170,Faversham and Mid Kent,"66,179","68,521",69523.0,Kent,England,South East,Helen Whately MP,E14000700,1856,2.6696201257137924
171,Feltham and Heston,"77,606","80,437",82340.0,London (Hounslow),England,London,Seema Malhotra MP,E14000701,2201,2.6730629098858394
172,Filton and Bradley Stoke,"62,299","69,732",71310.0,South Gloucestershire,England,South West,Jack Lopresti MP,E14000702,2340,3.281447202355911
173,Finchley and Golders Green,"71,800","71,595",72530.0,London (Barnet),England,London,Mike Freer MP,E14000703,4929,6.795808630911347
174,Folkestone and Hythe,"72,512","84,156",83651.0,Kent,England,South East,Damian Collins MP,E14000704,2046,2.44587631947018
175,Forest of Dean,"66,055","68,703",69865.0,Gloucestershire,England,South West,Rt Hon Mark Harper MP,E14000705,1701,2.4346954841479995
176,Fylde,"62,745","66,504",65679.0,Lancashire,England,North West,Mark Menzies MP,E14000706,1376,2.0950379877890954
177,Gainsborough,"64,022","63,795",74686.0,Lincolnshire,England,East Midlands,Sir Edward Leigh MP,E14000707,1439,1.926733256567496
178,Garston and Halewood,"73,480","71,618",73719.0,Merseyside,England,North West,Maria Eagle MP,E14000708,1878,2.5475114963577914
179,Gateshead,"69,403","66,066",64524.0,Tyne and Wear,England,North East,Ian Mearns MP,E14000709,1688,2.6160808381377474
180,Gedling,"70,575","70,886",70000.0,Nottinghamshire,England,East Midlands,Vernon Coaker MP,E14000710,2028,2.8971428571428572
181,Gillingham and Rainham,"71,539","71,109",70984.0,Kent,England,South East,Rehman Chishti MP,E14000711,1397,1.9680491378338782
182,Gloucester,"74,876","80,788",82968.0,Gloucestershire,England,South West,Richard Graham MP,E14000712,1709,2.0598302960177417
183,Gosport,"69,708","72,845",73268.0,Hampshire,England,South East,Caroline Dinenage MP,E14000713,1479,2.018616585685429
184,Grantham and Stamford,"73,336","79,118",81150.0,Lincolnshire,England,East Midlands,Nick Boles MP,E14000714,1717,2.1158348736906962
185,Gravesham,"70,098","70,412",72043.0,Kent,England,South East,Adam Holloway MP,E14000715,1286,1.785045042544036
186,Great Grimsby,"64,594","61,929",59200.0,North East Lincolnshire,England,Yorkshire & the Humber,Melanie Onn MP,E14000716,806,1.3614864864864864
187,Great Yarmouth,"69,086","70,526",69793.0,Norfolk,England,Eastern,Rt Hon Brandon Lewis MP,E14000717,968,1.386958577507773
188,Greenwich and Woolwich,"60,473","66,982",73315.0,London (Greenwich),England,London,Matthew Pennycook MP,E14000718,5222,7.1226897633499275
189,Guildford,"74,987","77,517",75733.0,Surrey,England,South East,Rt Hon Anne Milton MP,E14000719,3404,4.494738093037381
190,Hackney North and Stoke Newington,"63,185","74,780",88153.0,London (Hackney),England,London,Ms Diane Abbott MP,E14000720,10047,11.397229816342042
191,Hackney South and Shoreditch,"57,204","73,778",84971.0,London (Hackney),England,London,Meg Hillier MP,E14000721,9121,10.734250508997187
192,Halesowen and Rowley Regis,"66,579","67,656",66048.0,West Midlands,England,West Midlands,James Morris MP,E14000722,1105,1.6730256782945734
193,Halifax,"70,978","69,126",70462.0,West Yorkshire (Calderdale),England,Yorkshire & the Humber,Holly Lynch MP,E14000723,1780,2.5261843263035395
194,Haltemprice and Howden,"66,268","70,864",71195.0,Humberside,England,Yorkshire & the Humber,Rt Hon David Davis MP,E14000724,1460,2.0507058079921343
195,Halton,"69,727","70,322",72818.0,Cheshire,England,North West,Derek Twigg MP,E14000725,1281,1.7591804224230272
196,Hammersmith,"67,873","70,008",72254.0,London (Hammersmith and Fulham,England,London,Andy Slaughter MP,E14000726,5588,7.733827884961386
197,Hampstead and Kilburn,"74,573","78,552",80195.0,London (Brent and Camden),England,London,Tulip Siddiq MP,E14000727,7339,9.151443356817756
198,Harborough,"72,881","78,753",77760.0,Leicestershire,England,East Midlands,Rt Hon Sir Edward Garnier QC MP,E14000728,2276,2.9269547325102883
199,Harlow,"67,232","67,700",67994.0,Essex,England,Eastern,Rt Hon Robert Halfon MP,E14000729,1254,1.8442803776803838
200,Harrogate and Knaresborough,"73,962","75,044",76408.0,North Yorkshire,England,Yorkshire & the Humber,Andrew Jones MP,E14000730,2588,3.387079886922835
201,Harrow East,"67,365","72,537",70981.0,London (Harrow),England,London,Bob Blackman MP,E14000731,1946,2.7415787323368224
202,Harrow West,"64,737","69,135",69644.0,London (Harrow),England,London,Gareth Thomas MP,E14000732,2653,3.8093733846418933
203,Hartlepool,"68,262","70,010",69947.0,Cleveland,England,North East,Mr Iain Wright MP,E14000733,880,1.2580954151000043
204,Harwich and North Essex,"67,715","71,087",69290.0,Essex,England,Eastern,Mr Bernard Jenkin MP,E14000734,1871,2.7002453456487228
205,Hastings and Rye,"74,623","76,422",75095.0,East Sussex,England,South East,Rt Hon Amber Rudd MP,E14000735,2961,3.943005526333311
206,Havant,"70,138","70,568",70573.0,Hampshire,England,South East,Mr Alan Mak MP,E14000736,1405,1.9908463576721978
207,Hayes and Harlington,"65,237","70,789",74874.0,London (Hillingdon),England,London,Rt Hon John McDonnell MP,E14000737,1800,2.4040387851590674
208,Hazel Grove,"63,519","62,422",63098.0,Greater Manchester,England,North West,William Wragg MP,E14000738,1617,2.5626802751275792
209,Hemel Hempstead,"72,019","72,561",74616.0,Hertfordshire,England,Eastern,Rt Hon Mike Penning MP,E14000739,2165,2.901522461670419
210,Hemsworth,"71,988","73,487",72714.0,West Yorkshire (Wakefield),England,Yorkshire & the Humber,Jon Trickett MP,E14000740,1031,1.4178837637868913
211,Hendon,"73,976","74,329",75285.0,London (Barnet),England,London,Dr Matthew Offord MP,E14000741,3077,4.087135551570698
212,Henley,"72,331","73,851",77946.0,Oxfordshire,England,South East,John Howell MP,E14000742,3104,3.9822441177225256
213,Hereford and South Herefordshire,"69,632","71,352",71485.0,Herefordshire,England,West Midlands,Jesse Norman MP,E14000743,1733,2.424284814996153
214,Hertford and Stortford,"73,717","79,255",80610.0,Hertfordshire,England,Eastern,Mr Mark Prisk MP,E14000744,3072,3.8109415705247485
215,Hertsmere,"69,178","70,772",73767.0,Hertfordshire,England,Eastern,Oliver Dowden MP,E14000745,2020,2.7383518375425324
216,Hexham,"59,666","60,499",59708.0,Northumberland,England,North East,Guy Opperman MP,E14000746,2026,3.393180143364373
217,Heywood and Middleton,"78,036","79,636",79989.0,Greater Manchester,England,North West,Liz McInnes MP,E14000747,1277,1.596469514558252
218,High Peak,"68,061","72,178",73336.0,Derbyshire,England,East Midlands,Andrew Bingham MP,E14000748,2519,3.4348750954510745
219,Hitchin and Harpenden,"68,765","74,189",80333.0,Hertfordshire,England,Eastern,Rt Hon Peter Lilley MP,E14000749,3498,4.354374914418732
220,Holborn and St Pancras,"78,307","85,243",86764.0,London (Camden),England,London,Keir Starmer MP,E14000750,9114,10.504356645613388
221,Hornchurch and Upminster,"79,496","79,568",79331.0,London (Havering),England,London,Dame Angela Watkinson MP,E14000751,1369,1.725681007424588
222,Hornsey and Wood Green,"75,052","79,878",79247.0,London (Haringey),England,London,Catherine West MP,E14000752,9592,12.10392822441228
223,Horsham,"72,277","77,001",79085.0,West Sussex,England,South East,Jeremy Quin MP,E14000753,2812,3.5556679522033257
224,Houghton and Sunderland South,"71,347","70,115",68324.0,Tyne and Wear,England,North East,Bridget Phillipson MP,E14000754,801,1.1723552485217492
225,Hove,"70,912","71,181",73505.0,East Sussex,England,South East,Peter Kyle MP,E14000755,6179,8.406230868648391
226,Huddersfield,"66,275","66,681",65269.0,West Yorkshire (Kirklees),England,Yorkshire & the Humber,Mr Barry Sheerman MP,E14000756,1919,2.9401400358516296
227,Huntingdon,"74,724","79,134",82593.0,Cambridgeshire,England,Eastern,Mr Jonathan Djanogly MP,E14000757,2423,2.9336626590631165
228,Hyndburn,"68,030","69,617",68341.0,Lancashire,England,North West,Graham Jones MP,E14000758,1235,1.8071143237587979
229,Ilford North,"67,525","72,702",75294.0,London (Redbridge),England,London,Wes Streeting MP,E14000759,2675,3.5527399261561343
230,Ilford South,"75,294","86,401",91987.0,London (Redbridge),England,London,Mike Gapes MP,E14000760,3522,3.8288018959200754
231,Ipswich,"71,717","75,195",74499.0,Suffolk,England,Eastern,Rt Hon Ben Gummer MP,E14000761,2062,2.767822386877676
232,Isle of Wight,"103,480","110,924",108804.0,Isle of Wight,England,South East,Mr Andrew Turner MP,E14000762,2702,2.4833645821844783
233,Islington North,"61,054","68,777",73326.0,London (Islington),England,London,Rt Hon Jeremy Corbyn MP,E14000763,8854,12.074843848021166
234,Islington South and Finsbury,"58,839","67,613",68127.0,London (Islington),England,London,Emily Thornberry MP,E14000764,7104,10.427583777356995
235,Jarrow,"65,804","65,047",64002.0,Tyne and Wear,England,North East,Mr Stephen Hepburn MP,E14000765,1166,1.8218180681853693
236,Keighley,"68,652","66,967",68865.0,West Yorkshire (Bradford),England,Yorkshire & the Humber,Kris Hopkins MP,E14000766,2228,3.235315472300879
237,Kenilworth and Southam,"62,708","63,772",63957.0,Warwickshire,England,West Midlands,Rt Hon Jeremy Wright QC MP,E14000767,2056,3.214659849586441
238,Kensington,"65,482","62,784",61133.0,London (Kensington and Chelsea),England,London,Victoria Borwick MP,E14000768,4721,7.722506665794252
239,Kettering,"62,813","69,610",70155.0,Northamptonshire,England,East Midlands,Mr Philip Hollobone MP,E14000769,1464,2.086807782766731
240,Kingston and Surbiton,"74,602","80,639",81238.0,London (Kingston upon Thames),England,London,James Berry MP,E14000770,4480,5.514660626800265
241,Kingston upon Hull East,"70,638","68,150",65710.0,Humberside,England,Yorkshire & the Humber,Karl Turner MP,E14000771,786,1.1961649672804748
242,Kingston upon Hull North,"62,286","65,219",64148.0,Humberside,England,Yorkshire & the Humber,Diana Johnson MP,E14000772,1593,2.4833198229095217
243,Kingston upon Hull West and Hessle,"64,369","61,232",59100.0,Humberside,England,Yorkshire & the Humber,Rt Hon Alan Johnson MP,E14000773,1087,1.8392554991539762
244,Kingswood,"60,936","67,199",68193.0,South Gloucestershire,England,South West,Chris Skidmore MP,E14000774,1493,2.189374275952077
245,Knowsley,"79,099","79,334",79108.0,Merseyside,England,North West,Rt Hon George Howarth MP,E14000775,1165,1.4726702735500834
246,Lancaster and Fleetwood,"63,849","67,305",61922.0,Lancashire,England,North West,Cat Smith MP,E14000776,2338,3.7757178385711057
247,Leeds Central,"78,941","80,912",81799.0,West Yorkshire (Leeds),England,Yorkshire & the Humber,Rt Hon Hilary Benn MP,E14000777,3351,4.096627098130784
248,Leeds East,"67,571","64,742",64754.0,West Yorkshire (Leeds),England,Yorkshire & the Humber,Richard Burgon MP,E14000778,1475,2.277851561293511
249,Leeds North East,"66,930","68,269",69097.0,West Yorkshire (Leeds),England,Yorkshire & the Humber,Fabian Hamilton MP,E14000779,4071,5.891717440699306
250,Leeds North West,"66,466","65,047",61974.0,West Yorkshire (Leeds),England,Yorkshire & the Humber,Greg Mulholland MP,E14000780,3337,5.384516087391487
251,Leeds West,"67,629","67,222",64950.0,West Yorkshire (Leeds),England,Yorkshire & the Humber,Rachel Reeves MP,E14000781,2502,3.8521939953810627
252,Leicester East,"66,176","74,377",75430.0,Leicestershire,England,East Midlands,Rt Hon Keith Vaz MP,E14000782,1909,2.530823279862124
253,Leicester South,"73,400","78,433",73518.0,Leicestershire,England,East Midlands,Jonathan Ashworth MP,E14000783,3558,4.839631110748388
254,Leicester West,"64,301","65,432",63204.0,Leicestershire,England,East Midlands,Liz Kendall MP,E14000784,1683,2.662806151509398
255,Leigh,"74,231","77,001",75905.0,Greater Manchester,England,North West,Rt Hon Andy Burnham MP,E14000785,1060,1.3964824451617153
256,Lewes,"65,282","68,515",69481.0,East Sussex,England,South East,Maria Caulfield MP,E14000786,3589,5.165440911903973
257,"Lewisham, Deptford","67,682","67,590",66913.0,London (Lewisham),England,London,Vicky Foxcroft MP,E14000789,7858,11.743607370765023
258,Lewisham East,"67,833","65,508",72290.0,London (Lewisham),England,London,Heidi Alexander MP,E14000787,3684,5.096140545026975
259,Lewisham West and Penge,"68,411","69,399",73428.0,London (Bromley and Lewisham),England,London,Jim Dowd MP,E14000788,5807,7.908427302936209
260,Leyton and Wanstead,"62,960","63,021",64580.0,London (Redbridge and Waltham Forest),England,London,John Cryer MP,E14000790,4910,7.602973056673893
261,Lichfield,"68,301","73,085",74234.0,Staffordshire,England,West Midlands,Michael Fabricant MP,E14000791,1604,2.1607349731928767
262,Lincoln,"70,135","72,662",74121.0,Lincolnshire,England,East Midlands,Karl McCartney MP,E14000792,2359,3.1826338014867583
263,"Liverpool, Riverside","72,873","73,406",70829.0,Merseyside,England,North West,Mrs Louise Ellman MP,E14000793,4432,6.257323977466857
264,"Liverpool, Walton","72,182","61,974",61908.0,Merseyside,England,North West,Steve Rotheram MP,E14000794,1158,1.870517542159333
265,"Liverpool, Wavertree","72,256","61,979",61549.0,Merseyside,England,North West,Luciana Berger MP,E14000795,2424,3.9383255617475506
266,"Liverpool, West Derby","70,583","62,709",63651.0,Merseyside,England,North West,Stephen Twigg MP,E14000796,1290,2.0266767214969126
267,Loughborough,"70,983","77,884",75217.0,Leicestershire,England,East Midlands,Rt Hon Nicky Morgan MP,E14000797,2229,2.9634258212903997
268,Louth and Horncastle,"70,463","76,233",74870.0,Lincolnshire,England,East Midlands,Victoria Atkins MP,E14000798,1229,1.641511954053693
269,Ludlow,"63,052","66,199",66374.0,Shropshire,England,West Midlands,Mr Philip Dunne MP,E14000799,1791,2.698345737788893
270,Luton North,"66,807","66,273",67329.0,Bedfordshire,England,Eastern,Kelvin Hopkins MP,E14000800,1851,2.749186828855322
271,Luton South,"69,326","65,889",67741.0,Bedfordshire,England,Eastern,Mr Gavin Shuker MP,E14000801,2180,3.2181396790717582
272,Macclesfield,"72,655","73,613",71712.0,Cheshire,England,North West,David Rutley MP,E14000802,2402,3.3495091477019185
273,Maidenhead,"73,868","74,028",74187.0,Berkshire,England,South East,Rt Hon Theresa May MP,E14000803,2864,3.860514645423053
274,Maidstone and The Weald,"68,014","70,576",73181.0,Kent,England,South East,Mrs Helen Grant MP,E14000804,2008,2.7438816086142577
275,Makerfield,"72,903","74,856",74320.0,Greater Manchester,England,North West,Yvonne Fovargue MP,E14000805,938,1.2621097954790097
276,Maldon,"65,899","69,539",69066.0,Essex,England,Eastern,Rt Hon John Whittingdale MP,E14000806,1293,1.8721223177829902
277,Manchester Central,"69,600","89,519",86078.0,Greater Manchester,England,North West,Lucy Powell MP,E14000807,4647,5.398591974720602
278,"Manchester, Gorton","70,845","74,681",72992.0,Greater Manchester,England,North West,Rt Hon Sir Gerald Kaufman MP,E14000808,4074,5.581433581762385
279,"Manchester, Withington","69,187","73,656",74102.0,Greater Manchester,England,North West,Jeff Smith MP,E14000809,5985,8.076705082184017
280,Mansfield,"77,524","79,849",77534.0,Nottinghamshire,England,East Midlands,Sir Alan Meale MP,E14000810,923,1.1904454819820982
281,Meon Valley,"65,952","71,291",72738.0,Hampshire,England,South East,George Hollingbery MP,E14000811,1694,2.328906486293272
282,Meriden,"78,714","83,428",81928.0,West Midlands,England,West Midlands,Rt Hon Dame Caroline Spelman MP,E14000812,1429,1.744214432184357
283,Mid Bedfordshire,"70,111","76,381",78501.0,Bedfordshire,England,Eastern,Nadine Dorries MP,E14000813,2206,2.8101552846460556
284,Mid Derbyshire,"64,939","66,572",67477.0,Derbyshire,England,East Midlands,Pauline Latham MP,E14000814,1673,2.479363338619085
285,Mid Dorset and North Poole,"65,066","64,705",64299.0,Dorset,England,South West,Michael Tomlinson MP,E14000815,1519,2.3624006594192757
286,Mid Norfolk,"68,328","75,080",77154.0,Norfolk,England,Eastern,George Freeman MP,E14000816,1715,2.2228270731264743
287,Mid Sussex,"73,822","77,044",81034.0,West Sussex,England,South East,Rt Hon Sir Nicholas Soames MP,E14000817,3093,3.8169163560974404
288,Mid Worcestershire,"69,351","71,660",73069.0,Worcestershire,England,West Midlands,Nigel Huddleston MP,E14000818,1491,2.0405370266460467
289,Middlesbrough,"69,638","65,851",61873.0,Cleveland,England,North East,Andy McDonald MP,E14000819,1190,1.92329449032696
290,Middlesbrough South and East Cleveland,"71,942","72,876",71154.0,Cleveland,England,North East,Tom Blenkinsop MP,E14000820,1151,1.617618124068921
291,Milton Keynes North,"75,312","81,226",86826.0,Buckinghamshire,England,South East,Mark Lancaster MP,E14000821,2896,3.3354064450740557
292,Milton Keynes South,"75,682","85,552",89656.0,Buckinghamshire,England,South East,Iain Stewart MP,E14000822,2666,2.973587936111359
293,Mitcham and Morden,"65,629","67,074",68474.0,London (Merton),England,London,Siobhain McDonagh MP,E14000823,2652,3.8730028916084938
294,Mole Valley,"69,093","72,568",74038.0,Surrey,England,South East,Sir Paul Beresford MP,E14000824,2732,3.689997028552906
295,Morecambe and Lunesdale,"67,514","69,254",66985.0,Lancashire,England,North West,David Morris MP,E14000825,1380,2.060162722997686
296,Morley and Outwood,"69,583","75,163",75820.0,West Yorkshire (Leeds and Wakefield),England,Yorkshire & the Humber,Andrea Jenkyns MP,E14000826,1653,2.1801635452387234
297,New Forest East,"69,646","73,542",72697.0,Hampshire,England,South East,Rt Hon Dr Julian Lewis MP,E14000827,1632,2.2449344539664637
298,New Forest West,"65,269","68,987",68446.0,Hampshire,England,South East,Rt Hon Sir Desmond Swayne MP,E14000828,1508,2.203196680594922
299,Newark,"69,803","72,407",73747.0,Nottinghamshire,England,East Midlands,Robert Jenrick MP,E14000829,1898,2.5736640134513946
300,Newbury,"74,865","77,898",79512.0,Berkshire,England,South East,Richard Benyon MP,E14000830,2562,3.222155146392997
301,Newcastle-under-Lyme,"66,701","68,692",58147.0,Staffordshire,England,West Midlands,Paul Farrelly MP,E14000834,1375,2.364696372985709
302,Newcastle upon Tyne Central,"64,803","60,795",64243.0,Tyne and Wear,England,North East,Chi Onwurah MP,E14000831,2238,3.483648023909219
303,Newcastle upon Tyne East,"68,068","65,203",67902.0,Tyne and Wear,England,North East,Rt Hon Nicholas Brown MP,E14000832,3363,4.952725987452506
304,Newcastle upon Tyne North,"68,753","67,401",67619.0,Tyne and Wear,England,North East,Catherine McKinnell MP,E14000833,1860,2.7507061624691285
305,Newton Abbot,"64,555","69,600",69928.0,Devon,England,South West,Anne Marie Morris MP,E14000835,1929,2.7585516531289325
306,"Normanton, Pontefract and Castleford","78,641","83,284",82592.0,West Yorkshire (Wakefield),England,Yorkshire & the Humber,Rt Hon Yvette Cooper MP,E14000836,962,1.1647617202634637
307,North Cornwall,"62,214","68,206",67192.0,Cornwall,England,South West,Scott Mann MP,E14000837,1806,2.687819978568877
308,North Devon,"68,272","75,098",74737.0,Devon,England,South West,Peter Heaton-Jones MP,E14000838,1831,2.4499244015681656
309,North Dorset,"66,608","73,010",73759.0,Dorset,England,South West,Simon Hoare MP,E14000839,1989,2.696620073482558
310,North Durham,"68,087","68,959",65359.0,County Durham,England,North East,Mr Kevan Jones MP,E14000840,992,1.5177710797288821
311,North East Bedfordshire,"68,900","78,350",83551.0,Bedfordshire,England,Eastern,Rt Hon Alistair Burt MP,E14000841,2313,2.768369020119448
312,North East Cambridgeshire,"74,165","83,661",82990.0,Cambridgeshire,England,Eastern,Stephen Barclay MP,E14000842,1347,1.6230871189299916
313,North East Derbyshire,"71,580","72,374",71445.0,Derbyshire,England,East Midlands,Natascha Engel MP,E14000843,1211,1.6950101476660369
314,North East Hampshire,"67,417","72,548",76918.0,Hampshire,England,South East,Mr Ranil Jayawardena MP,E14000844,2349,3.0539015575027952
315,North East Hertfordshire,"70,477","72,658",74000.0,Hertfordshire,England,Eastern,Rt Hon Sir Oliver Heald QC MP,E14000845,2400,3.2432432432432434
316,North East Somerset,"65,942","68,546",69380.0,Bath and North East Somerset,England,South West,Mr Jacob Rees-Mogg MP,E14000846,2404,3.4649754972614586
317,North Herefordshire,"63,418","66,711",67926.0,Herefordshire,England,West Midlands,Bill Wiggin MP,E14000847,1835,2.7014692459441156
318,North Norfolk,"66,811","68,277",68867.0,Norfolk,England,Eastern,Rt Hon Norman Lamb MP,E14000848,1639,2.379949758229631
319,North Shropshire,"72,964","77,673",78858.0,Shropshire,England,West Midlands,Rt Hon Owen Paterson MP,E14000849,1616,2.0492530878287556
320,North Somerset,"71,308","78,223",80161.0,North Somerset,England,South West,Rt Hon Dr Liam Fox MP,E14000850,2860,3.567819762727511
321,North Swindon,"67,106","79,488",80983.0,Wiltshire,England,South West,Justin Tomlinson MP,E14000851,1581,1.9522615857649135
322,North Thanet,"66,026","67,110",71478.0,Kent,England,South East,Sir Roger Gale MP,E14000852,1540,2.154509079716836
323,North Tyneside,"71,751","78,617",79300.0,Tyne and Wear,England,North East,Mary Glindon MP,E14000853,1700,2.1437578814627996
324,North Warwickshire,"67,872","70,544",70152.0,Warwickshire,England,West Midlands,Craig Tracey MP,E14000854,927,1.3214163530619227
325,North West Cambridgeshire,"73,648","89,419",90318.0,Cambridgeshire,England,Eastern,Mr Shailesh Vara MP,E14000855,2081,2.3040811355433024
326,North West Durham,"67,298","72,760",69816.0,County Durham,England,North East,Pat Glass MP,E14000856,1322,1.8935487567319813
327,North West Hampshire,"73,840","77,020",79223.0,Hampshire,England,South East,Kit Malthouse MP,E14000857,2078,2.6229756510104387
328,North West Leicestershire,"67,534","72,022",72193.0,Leicestershire,England,East Midlands,Andrew Bridgen MP,E14000858,1355,1.8769132741401522
329,North West Norfolk,"71,144","73,269",74402.0,Norfolk,England,Eastern,Sir Henry Bellingham MP,E14000859,1224,1.6451170667455175
330,North Wiltshire,"61,322","67,154",67851.0,Wiltshire,England,South West,James Gray MP,E14000860,2196,3.236503515055047
331,Northampton North,"64,212","62,095",59144.0,Northamptonshire,England,East Midlands,Michael Ellis MP,E14000861,1545,2.61226836196402
332,Northampton South,"62,133","63,048",61287.0,Northamptonshire,England,East Midlands,David Mackintosh MP,E14000862,1586,2.587824497854357
333,Norwich North,"64,506","64,982",64515.0,Norfolk,England,Eastern,Chloe Smith MP,E14000863,2007,3.1109044408277144
334,Norwich South,"68,763","73,569",74875.0,Norfolk,England,Eastern,Clive Lewis MP,E14000864,4362,5.825709515859766
335,Nottingham East,"64,173","59,489",60464.0,Nottinghamshire,England,East Midlands,Chris Leslie MP,E14000865,3275,5.416446149775073
336,Nottingham North,"68,139","64,578",65918.0,Nottinghamshire,England,East Midlands,Mr Graham Allen MP,E14000866,1016,1.5413088989350405
337,Nottingham South,"72,400","69,154",68987.0,Nottinghamshire,England,East Midlands,Lilian Greenwood MP,E14000867,2804,4.06453389769087
338,Nuneaton,"66,460","68,288",68037.0,Warwickshire,England,West Midlands,Mr Marcus Jones MP,E14000868,1130,1.6608610021017975
339,Old Bexley and Sidcup,"65,186","65,161",66035.0,London (Bexley),England,London,Rt Hon James Brokenshire MP,E14000869,1499,2.2700083289164836
340,Oldham East and Saddleworth,"70,984","72,249",71475.0,Greater Manchester,England,North West,Debbie Abrahams MP,E14000870,1708,2.3896467296257433
341,Oldham West and Royton,"70,947","72,402",71652.0,Greater Manchester,England,North West,Jim McMahon MP,E14000871,1552,2.166024674817172
342,Orpington,"66,974","68,221",68129.0,London (Bromley),England,London,Joseph Johnson MP,E14000872,1835,2.6934198358995434
343,Oxford East,"78,769","81,644",78978.0,Oxfordshire,England,South East,Rt Hon Andrew Smith MP,E14000873,6409,8.114918078452227
344,Oxford West and Abingdon,"75,153","77,811",76174.0,Oxfordshire,England,South East,Nicola Blackwood MP,E14000874,5211,6.840916848268439
345,Pendle,"63,347","66,735",64573.0,Lancashire,England,North West,Andrew Stephenson MP,E14000875,1365,2.1138866089542065
346,Penistone and Stocksbridge,"63,914","69,133",70817.0,South Yorkshire,England,Yorkshire & the Humber,Angela Smith MP,E14000876,1429,2.017877063416976
347,Penrith and The Border,"61,000","65,234",65209.0,Cumbria,England,North West,Rory Stewart MP,E14000877,1680,2.5763314879847874
348,Peterborough,"70,640","72,787",72530.0,Cambridgeshire,England,Eastern,Mr Stewart Jackson MP,E14000878,1965,2.7092237694747
349,"Plymouth, Moor View","68,843","68,556",68246.0,Devon,England,South West,Johnny Mercer MP,E14000879,996,1.459426193476541
350,"Plymouth, Sutton and Devonport","73,240","71,236",73274.0,Devon,England,South West,Oliver Colvile MP,E14000880,2814,3.8403799437726884
351,Poole,"67,933","72,773",72557.0,Dorset,England,South West,Mr Robert Syms MP,E14000881,1833,2.5262896757032403
352,Poplar and Limehouse,"59,400","74,919",82081.0,London (Tower Hamlets),England,London,Jim Fitzpatrick MP,E14000882,6416,7.816668900232697
353,Portsmouth North,"70,871","71,798",73105.0,Hampshire,England,South East,Penny Mordaunt MP,E14000883,1433,1.9601942411599755
354,Portsmouth South,"71,774","71,947",71639.0,Hampshire,England,South East,Mrs Flick Drummond MP,E14000884,2948,4.11507698320747
355,Preston,"63,558","61,025",59981.0,Lancashire,England,North West,Mr Mark Hendrick MP,E14000885,1821,3.0359613877727947
356,Pudsey,"68,150","69,738",70533.0,West Yorkshire (Leeds),England,Yorkshire & the Humber,Stuart Andrew MP,E14000886,2541,3.6025690102505212
357,Putney,"59,331","62,153",63923.0,London (Wandsworth),England,London,Rt Hon Justine Greening MP,E14000887,4471,6.994352580448352
358,Rayleigh and Wickford,"71,975","76,089",77174.0,Essex,England,Eastern,Rt Hon Mark Francois MP,E14000888,1221,1.5821390623785212
359,Reading East,"72,788","78,170",73232.0,Berkshire,England,South East,Mr Rob Wilson MP,E14000889,3794,5.1807952807515845
360,Reading West,"72,250","73,216",72567.0,Berkshire,England,South East,Alok Sharma MP,E14000890,2396,3.301776289497981
361,Redcar,"67,638","67,195",64826.0,Cleveland,England,North East,Anna Turley MP,E14000891,764,1.1785394749020455
362,Redditch,"64,501","66,492",65531.0,Worcestershire,England,West Midlands,Karen Lumley MP,E14000892,1186,1.8098304619187866
363,Reigate,"67,432","72,043",73429.0,Surrey,England,South East,Crispin Blunt MP,E14000893,2615,3.561263261109371
364,Ribble Valley,"71,997","77,437",77379.0,Lancashire,England,North West,Mr Nigel Evans MP,E14000894,1603,2.0716214993732147
365,Richmond (Yorks),"74,434","78,902",79062.0,North Yorkshire,England,Yorkshire & the Humber,Rishi Sunak MP,E14000895,1722,2.1780374895651513
366,Richmond Park,"71,457","76,650",77303.0,London (Kingston upon Thames,,,Sarah Olney MP,E14000896,5876,7.601257389752014
367,Rochdale,"73,807","77,699",77248.0,Greater Manchester,England,North West,Simon Danczuk MP,E14000897,1822,2.3586371168185587
368,Rochester and Strood,"69,032","75,001",77119.0,Kent,England,South East,Kelly Tolhurst MP,E14000898,1712,2.2199457980523607
369,Rochford and Southend East,"69,904","71,131",71935.0,Essex,England,Eastern,James Duddridge MP,E14000899,1730,2.404948912212414
370,Romford,"69,536","71,978",72594.0,London (Havering),England,London,Andrew Rosindell MP,E14000900,1471,2.026338264870375
371,Romsey and Southampton North,"65,461","67,696",66519.0,Hampshire,England,South East,Caroline Nokes MP,E14000901,2304,3.4636720335543227
372,Rossendale and Darwen,"70,698","73,443",73779.0,Lancashire,England,North West,Jake Berry MP,E14000902,1363,1.8474091543664184
373,Rother Valley,"72,237","73,068",74275.0,South Yorkshire,England,Yorkshire & the Humber,Rt Hon Sir Kevin Barron MP,E14000903,1088,1.4648266576910132
374,Rotherham,"65,305","63,131",63698.0,South Yorkshire,England,Yorkshire & the Humber,Sarah Champion MP,E14000904,1028,1.6138654274859492
375,Rugby,"65,407","69,932",71655.0,Warwickshire,England,West Midlands,Mark Pawsey MP,E14000905,1666,2.32502965599051
376,"Ruislip, Northwood and Pinner","68,244","71,706",73216.0,London (Harrow and Hillingdon),England,London,Mr Nick Hurd MP,E14000906,2387,3.2602163461538463
377,Runnymede and Weybridge,"73,357","73,680",73771.0,Surrey,England,South East,Rt Hon Philip Hammond MP,E14000907,2671,3.6206639465372574
378,Rushcliffe,"70,484","73,430",73278.0,Nottinghamshire,England,East Midlands,Rt Hon Kenneth Clarke QC MP,E14000908,3077,4.19907748573924
379,Rutland and Melton,"72,214","77,324",79693.0,Leicestershire and Rutland,England,East Midlands,Rt Hon Sir Alan Duncan MP,E14000909,1961,2.460692909038435
380,Saffron Walden,"70,402","77,109",80615.0,Essex,England,Eastern,Rt Hon Sir Alan Haselhurst MP,E14000910,2368,2.937418594554363
381,Salisbury,"66,502","68,731",74291.0,Wiltshire,England,South West,John Glen MP,E14000912,2210,2.9747883323686586
382,Salford and Eccles,"73,162","76,863",69582.0,Greater Manchester,England,North West,Rebecca Long Bailey MP,E14000911,2738,3.9349256991750745
383,Scarborough and Whitby,"76,572","76,078",73511.0,North Yorkshire,England,Yorkshire & the Humber,Mr Robert Goodwill MP,E14000913,1610,2.190148413162656
384,Scunthorpe,"62,032","63,489",64025.0,East Yorkshire & North Lincolnshire,England,Yorkshire & the Humber,Nic Dakin MP,E14000914,892,1.393205778992581
385,Sedgefield,"63,917","67,386",62844.0,County Durham,England,North East,Phil Wilson MP,E14000915,918,1.460759977086118
386,Sefton Central,"71,744","67,696",67744.0,Merseyside,England,North West,Bill Esterson MP,E14000916,1750,2.5832546055739254
387,Selby and Ainsty,"67,709","73,580",76082.0,North Yorkshire,England,Yorkshire & the Humber,Nigel Adams MP,E14000917,1604,2.1082516232486004
388,Sevenoaks,"69,794","69,925",71958.0,Kent,England,South East,Rt Hon Sir Michael Fallon MP,E14000918,2029,2.8197003807776757
389,"Sheffield, Brightside and Hillsborough","73,619","69,206",72321.0,South Yorkshire,England,Yorkshire & the Humber,Gill Furniss MP,E14000921,1869,2.584311610735471
390,Sheffield Central,"65,261","69,975",70422.0,South Yorkshire,England,Yorkshire & the Humber,Paul Blomfield MP,E14000919,5350,7.5970577376388055
391,"Sheffield, Hallam","65,594","70,032",70874.0,South Yorkshire,England,Yorkshire & the Humber,Rt Hon Nick Clegg MP,E14000922,3927,5.540818918079973
392,"Sheffield, Heeley","69,789","66,432",72351.0,South Yorkshire,England,Yorkshire & the Humber,Louise Haigh MP,E14000923,2293,3.169272021119266
393,Sheffield South East,"66,817","67,792",67950.0,South Yorkshire,England,Yorkshire & the Humber,Mr Clive Betts MP,E14000920,1286,1.8925680647534953
394,Sherwood,"70,042","72,022",73349.0,Nottinghamshire,England,East Midlands,Mark Spencer MP,E14000924,1305,1.7791653601276092
395,Shipley,"69,427","68,129",70464.0,West Yorkshire (Bradford),England,Yorkshire & the Humber,Philip Davies MP,E14000925,2452,3.4797910990009084
396,Shrewsbury and Atcham,"74,984","73,978",76400.0,Shropshire,England,West Midlands,Daniel Kawczynski MP,E14000926,2364,3.094240837696335
397,Sittingbourne and Sheppey,"69,349","74,796",76018.0,Kent,England,South East,Gordon Henderson MP,E14000927,1223,1.6088294877529008
398,Skipton and Ripon,"75,532","77,098",76645.0,North Yorkshire,England,Yorkshire & the Humber,Julian Smith MP,E14000928,2262,2.9512688368451956
399,Sleaford and North Hykeham,"73,058","85,561",87972.0,Lincolnshire,England,East Midlands,Dr Caroline Johnson MP,E14000929,1770,2.012003819397081
400,Slough,"73,627","81,327",86366.0,Berkshire,England,South East,Rt Hon Fiona Mactaggart MP,E14000930,2785,3.224648588564945
401,Solihull,"75,988","77,354",77956.0,West Midlands,England,West Midlands,Julian Knight MP,E14000931,1923,2.4667761301246856
402,Somerton and Frome,"74,223","82,150",83281.0,Somerset,England,South West,David Warburton MP,E14000932,3074,3.6911180221178905
403,South Basildon and East Thurrock,"71,425","71,819",71155.0,Essex,England,Eastern,Stephen Metcalfe MP,E14000933,929,1.305600449722437
404,South Cambridgeshire,"71,597","80,001",84132.0,Cambridgeshire,England,Eastern,Heidi Allen MP,E14000934,4221,5.017115960633291
405,South Derbyshire,"62,130","71,326",73923.0,Derbyshire,England,East Midlands,Heather Wheeler MP,E14000935,1349,1.8248718260893093
406,South Dorset,"67,752","73,499",71534.0,Dorset,England,South West,Richard Drax MP,E14000936,1795,2.50929627869265
407,South East Cambridgeshire,"73,941","82,265",84570.0,Cambridgeshire,England,Eastern,Lucy Frazer MP,E14000937,3712,4.389263332150881
408,South East Cornwall,"67,018","71,851",71071.0,Cornwall,England,South West,Mrs Sheryll Murray MP,E14000938,1981,2.787353491578844
409,South Holland and The Deepings,"70,402","76,939",76460.0,Lincolnshire,England,East Midlands,Rt Hon John Hayes MP,E14000939,1023,1.3379544860057546
410,South Leicestershire,"72,731","77,412",76851.0,Leicestershire,England,East Midlands,Alberto Costa MP,E14000940,1560,2.029902018191045
411,South Norfolk,"69,691","77,316",80721.0,Norfolk,England,Eastern,Mr Richard Bacon MP,E14000941,2379,2.947188463968484
412,South Northamptonshire,"68,773","82,956",85781.0,Northamptonshire,England,East Midlands,Rt Hon Andrea Leadsom MP,E14000942,2200,2.5646704981289563
413,South Ribble,"71,730","75,116",76489.0,Lancashire,England,North West,Seema Kennedy MP,E14000943,1568,2.0499679692504804
414,South Shields,"65,773","63,765",62730.0,Tyne and Wear,England,North East,Mrs Emma Lewell-Buck MP,E14000944,1065,1.6977522716403637
415,South Staffordshire,"72,338","74,189",72771.0,Staffordshire,England,West Midlands,Rt Hon Gavin Williamson MP,E14000945,1005,1.3810446469060478
416,South Suffolk,"69,119","72,965",73836.0,Suffolk,England,Eastern,James Cartlidge MP,E14000946,1923,2.6044206078335774
417,South Swindon,"70,794","73,449",73926.0,Wiltshire,England,South West,Robert Buckland MP,E14000947,2138,2.892081270459649
418,South Thanet,"69,501","67,970",70970.0,Kent,England,South East,Craig Mackinlay MP,E14000948,1941,2.734958433140764
419,South West Bedfordshire,"71,288","76,178",79285.0,Bedfordshire,England,Eastern,Andrew Selous MP,E14000949,1861,2.3472283534085894
420,South West Devon,"68,756","70,756",71035.0,Devon,England,South West,Mr Gary Streeter MP,E14000950,1649,2.3213908636587597
421,South West Hertfordshire,"74,440","78,269",79668.0,Hertfordshire,England,Eastern,Rt Hon David Gauke MP,E14000951,3105,3.897424310890194
422,South West Norfolk,"67,666","75,034",76970.0,Norfolk,England,Eastern,Rt Hon Elizabeth Truss MP,E14000952,1278,1.6603871638300638
423,South West Surrey,"75,107","76,495",77548.0,Surrey,England,South East,Rt Hon Jeremy Hunt MP,E14000953,3354,4.325063186671481
424,South West Wiltshire,"63,865","72,820",73018.0,Wiltshire,England,South West,Dr Andrew Murrison MP,E14000954,1972,2.7007039360157767
425,"Southampton, Itchen","71,142","74,513",72281.0,Hampshire,England,South East,Royston Smith MP,E14000955,2155,2.981419736860309
426,"Southampton, Test","72,018","71,263",70270.0,Hampshire,England,South East,Dr Alan Whitehead MP,E14000956,2794,3.9760922157392917
427,Southend West,"66,508","66,780",66876.0,Essex,England,Eastern,Sir David Amess MP,E14000957,1906,2.850050840361266
428,Southport,"70,544","67,803",67326.0,Merseyside,England,North West,John Pugh MP,E14000958,1637,2.4314529305171853
429,Spelthorne,"69,291","71,211",71592.0,Surrey,England,South East,Kwasi Kwarteng MP,E14000959,1921,2.6832606995194994
430,St Albans,"66,738","70,298",75825.0,Hertfordshire,England,Eastern,Mrs Anne Main MP,E14000960,3843,5.068249258160237
431,St Austell and Newquay,"67,936","75,974",76607.0,Cornwall,England,South West,Steve Double MP,E14000961,1806,2.3574869137285104
432,St Helens North,"76,263","75,688",75262.0,Merseyside,England,North West,Conor McGinn MP,E14000962,1161,1.5426111450665674
433,St Helens South and Whiston,"76,614","78,612",77720.0,Merseyside,England,North West,Marie Rimmer MP,E14000963,1317,1.6945445187853834
434,St Ives,"62,962","66,696",65570.0,Cornwall,England,South West,Derek Thomas MP,E14000964,2354,3.5900564282446243
435,Stafford,"69,274","69,832",68705.0,Staffordshire,England,West Midlands,Jeremy Lefroy MP,E14000965,1693,2.4641583581980933
436,Staffordshire Moorlands,"60,810","62,457",63104.0,Staffordshire,England,West Midlands,Rt Hon Karen Bradley MP,E14000966,1062,1.6829361054766734
437,Stalybridge and Hyde,"66,563","70,691",71357.0,Greater Manchester,England,North West,Jonathan Reynolds MP,E14000967,1537,2.1539582661827152
438,Stevenage,"66,881","69,357",70597.0,Hertfordshire,England,Eastern,Stephen McPartland MP,E14000968,1722,2.43919713302265
439,Stockport,"64,679","62,764",63931.0,Greater Manchester,England,North West,Ann Coffey MP,E14000969,2510,3.92610783500962
440,Stockton North,"67,529","67,333",66126.0,Cleveland,England,North East,Alex Cunningham MP,E14000970,1010,1.5273871094577018
441,Stockton South,"68,506","74,521",75111.0,Cleveland,England,North East,James Wharton MP,E14000971,1380,1.8372808243799177
442,Stoke-on-Trent Central,"63,330","61,774",60634.0,Staffordshire,England,West Midlands,,E14000972,1180,1.946102846587723
443,Stoke-on-Trent North,"69,938","72,225",71438.0,Staffordshire,England,West Midlands,Ruth Smeeth MP,E14000973,872,1.220638875668412
444,Stoke-on-Trent South,"67,629","68,624",68091.0,Staffordshire,England,West Midlands,Robert Flello MP,E14000974,830,1.2189569840360692
445,Stone,"64,653","66,729",67339.0,Staffordshire,England,West Midlands,Sir William Cash MP,E14000975,1247,1.85182435141597
446,Stourbridge,"68,590","70,225",69077.0,West Midlands,England,West Midlands,Margot James MP,E14000976,1316,1.9051203729171795
447,Stratford-on-Avon,"64,954","69,108",71304.0,Warwickshire,England,West Midlands,Nadhim Zahawi MP,E14000977,2057,2.8848311455177833
448,Streatham,"69,355","71,913",79137.0,London (Lambeth),England,London,Mr Chuka Umunna MP,E14000978,7152,9.037491944349672
449,Stretford and Urmston,"72,414","70,520",69026.0,Greater Manchester,England,North West,Kate Green MP,E14000979,2887,4.18248196331817
450,Stroud,"75,258","79,135",80544.0,Gloucestershire,England,South West,Neil Carmichael MP,E14000980,3374,4.1890147000397295
451,Suffolk Coastal,"76,085","76,932",77816.0,Suffolk,England,Eastern,Dr Thrse Coffey MP,E14000981,2348,3.0173743189061377
452,Sunderland Central,"76,457","76,292",72950.0,Tyne and Wear,England,North East,Julie Elliott MP,E14000982,1382,1.894448252227553
453,Surrey Heath,"75,454","78,453",79515.0,Surrey,England,South East,Rt Hon Michael Gove MP,E14000983,2228,2.8019870464692196
454,Sutton and Cheam,"66,147","66,571",69228.0,London (Sutton),England,London,Paul Scully MP,E14000984,2396,3.461027329982088
455,Sutton Coldfield,"72,019","75,031",74956.0,West Midlands,England,West Midlands,Rt Hon Andrew Mitchell MP,E14000985,1866,2.4894604834836436
456,Tamworth,"69,490","72,544",71913.0,Staffordshire,England,West Midlands,Christopher Pincher MP,E14000986,995,1.3836163141573847
457,Tatton,"65,030","65,200",65004.0,Cheshire,England,North West,Rt Hon George Osborne MP,E14000987,1899,2.9213586856193468
458,Taunton Deane,"77,535","82,882",83221.0,Somerset,England,South West,Rebecca Pow MP,E14000988,2460,2.955984667331563
459,Telford,"63,906","65,938",66166.0,Shropshire,England,West Midlands,Lucy Allan MP,E14000989,1107,1.6730647160172898
460,Tewkesbury,"72,146","77,206",78910.0,Gloucestershire,England,South West,Mr Laurence Robertson MP,E14000990,1956,2.4787732860220504
461,The Cotswolds,"73,097","78,439",78290.0,Gloucestershire,England,South West,Geoffrey Clifton-Brown MP,E14000991,2502,3.1958104483331202
462,The Wrekin,"62,024","66,111",65942.0,Shropshire,England,West Midlands,Mark Pritchard MP,E14000992,1309,1.9850777956385914
463,Thirsk and Malton,"73,534","77,230",77451.0,North Yorkshire,England,Yorkshire & the Humber,Kevin Hollinrake MP,E14000993,1843,2.3795690178306286
464,Thornbury and Yate,"63,320","64,736",66066.0,South Gloucestershire,England,South West,Luke Hall MP,E14000994,1764,2.670057215511761
465,Thurrock,"71,067","77,667",77559.0,Essex,England,Eastern,Jackie Doyle-Price MP,E14000995,1103,1.4221431426397968
466,Tiverton and Honiton,"69,682","75,839",76270.0,Devon,England,South West,Neil Parish MP,E14000996,2036,2.669463747213846
467,Tonbridge and Malling,"65,969","71,989",74877.0,Kent,England,South East,Tom Tugendhat MP,E14000997,2301,3.0730397852478064
468,Tooting,"69,445","72,707",76782.0,London (Wandsworth),England,London,Dr Rosena Allin-Khan MP,E14000998,6081,7.919824958974759
469,Torbay,"69,340","76,219",76350.0,Devon,England,South West,Kevin Foster MP,E14000999,1599,2.0943025540275046
470,Torridge and West Devon,"68,720","77,417",78621.0,Devon,England,South West,Mr Geoffrey Cox QC MP,E14001000,2128,2.7066559824983147
471,Totnes,"64,939","67,562",68630.0,Devon,England,South West,Dr Sarah Wollaston MP,E14001001,2560,3.7301471659624075
472,Tottenham,"64,888","70,162",70803.0,London (Haringey),England,London,Rt Hon David Lammy MP,E14001002,5364,7.575950171602898
473,Truro and Falmouth,"64,587","71,340",73601.0,Cornwall,England,South West,Sarah Newton MP,E14001003,3242,4.404831456094346
474,Tunbridge Wells,"69,479","73,028",73429.0,Kent,England,South East,Rt Hon Greg Clark MP,E14001004,2990,4.071960669490256
475,Twickenham,"74,154","79,172",80250.0,London (Richmond upon Thames),England,London,Dr Tania Mathias MP,E14001005,5576,6.948286604361371
476,Tynemouth,"71,514","76,618",77524.0,Tyne and Wear,England,North East,Rt Hon Alan Campbell MP,E14001006,2585,3.3344512667045043
477,Uxbridge and South Ruislip,"66,253","71,954",70631.0,London (Hillingdon),England,London,Rt Hon Boris Johnson MP,E14001007,2190,3.1006215401169457
478,Vauxhall,"65,729","73,274",82231.0,London (Lambeth),England,London,Kate Hoey MP,E14001008,7450,9.059843611290146
479,Wakefield,"71,347","71,531",70521.0,West Yorkshire (Wakefield),England,Yorkshire & the Humber,Mary Creagh MP,E14001009,1384,1.9625359821897024
480,Wallasey,"66,845","65,732",65495.0,Merseyside,England,North West,Ms Angela Eagle MP,E14001010,1817,2.7742575769142683
481,Walsall North,"66,287","65,468",67080.0,West Midlands,England,West Midlands,Mr David Winnick MP,E14001011,644,0.9600477042337509
482,Walsall South,"64,995","66,082",67743.0,West Midlands,England,West Midlands,Valerie Vaz MP,E14001012,1584,2.3382489703733227
483,Walthamstow,"64,314","64,482",67015.0,London (Waltham Forest),England,London,Stella Creasy MP,E14001013,6152,9.180034320674475
484,Wansbeck,"63,329","62,395",60705.0,Northumberland,England,North East,Ian Lavery MP,E14001014,1070,1.76262251873816
485,Wantage,"74,774","79,775",82931.0,Oxfordshire,England,South East,Rt Hon Edward Vaizey MP,E14001015,3349,4.038296897420747
486,Warley,"64,695","63,024",63738.0,West Midlands,England,West Midlands,Rt Hon John Spellar MP,E14001016,1508,2.3659355486522955
487,Warrington North,"71,868","71,836",72104.0,Cheshire,England,North West,Helen Jones MP,E14001017,1309,1.8154332630644625
488,Warrington South,"75,114","81,212",84767.0,Cheshire,England,North West,David Mowat MP,E14001018,2165,2.5540599525758845
489,Warwick and Leamington,"63,236","66,278",71578.0,Warwickshire,England,West Midlands,Chris White MP,E14001019,3081,4.304395205230657
490,Washington and Sunderland West,"70,259","70,177",68190.0,Tyne and Wear,England,North East,Mrs Sharon Hodgson MP,E14001020,886,1.2993107493767415
491,Watford,"76,331","80,939",83535.0,Hertfordshire,England,Eastern,Richard Harrington MP,E14001021,3041,3.640390255581493
492,Waveney,"76,708","79,132",80166.0,Suffolk,England,Eastern,Peter Aldous MP,E14001022,1322,1.649078162812165
493,Wealden,"74,989","77,536",80236.0,East Sussex,England,South East,Nusrat Ghani MP,E14001023,2539,3.164414975821327
494,Weaver Vale,"64,216","66,008",68407.0,Cheshire,England,North West,Graham Evans MP,E14001024,1675,2.4485798237022527
495,Wellingborough,"71,392","76,848",74317.0,Northamptonshire,England,East Midlands,Mr Peter Bone MP,E14001025,1441,1.9389910787572155
496,Wells,"74,064","79,989",79405.0,Somerset,England,South West,James Heappey MP,E14001026,2637,3.3209495623701275
497,Welwyn Hatfield,"67,247","71,766",73247.0,Hertfordshire,England,Eastern,Rt Hon Grant Shapps MP,E14001027,2356,3.216513986920966
498,Wentworth and Dearne,"71,213","72,272",74283.0,South Yorkshire,England,Yorkshire & the Humber,Rt Hon John Healey MP,E14001028,847,1.1402339700873687
499,West Bromwich East,"64,538","63,008",63637.0,West Midlands,England,West Midlands,Tom Watson MP,E14001029,805,1.2649873501264988
500,West Bromwich West,"62,899","65,249",65524.0,West Midlands,England,West Midlands,Mr Adrian Bailey MP,E14001030,731,1.1156217569134974
501,West Dorset,"71,462","76,779",78000.0,Dorset,England,South West,Rt Hon Sir Oliver Letwin MP,E14001031,2733,3.503846153846154
502,West Ham,"77,984","86,400",90640.0,London (Newham),England,London,Lyn Brown MP,E14001032,5046,5.567078552515445
503,West Lancashire,"73,739","73,028",70906.0,Lancashire,England,North West,Rosie Cooper MP,E14001033,1561,2.2015062195018755
504,West Suffolk,"68,883","76,158",76198.0,Suffolk,England,Eastern,Rt Hon Matt Hancock MP,E14001034,1511,1.9829916795716422
505,West Worcestershire,"71,373","73,001",73394.0,Worcestershire,England,West Midlands,Harriett Baldwin MP,E14001035,2122,2.8912445159004823
506,Westminster North,"59,016","65,936",62346.0,London (Westminster),England,London,Ms Karen Buck MP,E14001036,4694,7.528951336092131
507,Westmorland and Lonsdale,"67,303","66,609",65857.0,Cumbria,England,North West,Tim Farron MP,E14001037,2228,3.3830875988885003
508,Wigan,"76,467","76,779",75990.0,Greater Manchester,England,North West,Lisa Nandy MP,E14001039,1158,1.5238847216739044
509,Wimbledon,"64,841","65,936",65853.0,London (Merton),England,London,Stephen Hammond MP,E14001040,4388,6.663325892518185
510,Winchester,"70,211","74,138",74119.0,Hampshire,England,South East,Steve Brine MP,E14001041,3412,4.603408033027969
511,Windsor,"69,785","70,633",71538.0,Berkshire,England,South East,Adam Afriyie MP,E14001042,2690,3.7602393133719145
512,Wirral South,"57,801","56,238",56956.0,Merseyside,England,North West,Alison McGovern MP,E14001043,1461,2.565138001264134
513,Wirral West,"56,085","55,077",55377.0,Merseyside,England,North West,Margaret Greenwood MP,E14001044,1637,2.956100908319338
514,Witham,"63,839","67,451",67090.0,Essex,England,Eastern,Rt Hon Priti Patel MP,E14001045,1430,2.1314651960053657
515,Witney,"72,275","78,220",79767.0,Oxfordshire,England,South East,Robert Courts MP,E14001046,3204,4.016698634773778
516,Woking,"71,260","74,328",74269.0,Surrey,England,South East,Mr Jonathan Lord MP,E14001047,3045,4.099960952752832
517,Wokingham,"69,751","75,886",77881.0,Berkshire,England,South East,Rt Hon John Redwood MP,E14001048,2897,3.719777609429771
518,Wolverhampton North East,"62,778","60,354",61065.0,West Midlands,England,West Midlands,Emma Reynolds MP,E14001049,726,1.1888970768852862
519,Wolverhampton South East,"64,015","61,751",62556.0,West Midlands,England,West Midlands,Rt Hon Pat McFadden MP,E14001050,638,1.019886181980945
520,Wolverhampton South West,"63,641","59,846",60368.0,West Midlands,England,West Midlands,Rob Marris MP,E14001051,1528,2.531142327060694
521,Worcester,"71,601","73,960",72461.0,Worcestershire,England,West Midlands,Mr Robin Walker MP,E14001052,2149,2.9657332910117167
522,Workington,"61,369","59,361",58615.0,Cumbria,England,North West,Sue Hayman MP,E14001053,1000,1.7060479399471127
523,Worsley and Eccles South,"72,554","73,409",72177.0,Greater Manchester,England,North West,Barbara Keeley MP,E14001054,1453,2.0131066683292462
524,Worthing West,"72,585","74,468",75617.0,West Sussex,England,South East,Sir Peter Bottomley MP,E14001055,2358,3.118346403586495
525,Wycombe,"71,997","73,750",76371.0,Buckinghamshire,England,South East,Mr Steve Baker MP,E14001056,2993,3.919026855743672
526,Wyre and Preston North,"68,812","71,612",70637.0,Lancashire,England,North West,Mr Ben Wallace MP,E14001057,1698,2.4038393476506648
527,Wyre Forest,"75,563","77,800",77407.0,Worcestershire,England,West Midlands,Mark Garnier MP,E14001058,1404,1.8137894505664862
528,Wythenshawe and Sale East,"72,093","75,602",75994.0,Greater Manchester,England,North West,Mike Kane MP,E14001059,2205,2.9015448588046424
529,Yeovil,"77,049","82,771",82447.0,Somerset,England,South West,Marcus Fysh MP,E14001060,1824,2.2123303455553267
530,York Central,"71,160","75,656",75351.0,North Yorkshire,England,Yorkshire & the Humber,Rachael Maskell MP,E14001061,4493,5.962760945441998
531,York Outer,"71,613","75,125",78561.0,North Yorkshire,England,Yorkshire & the Humber,Julian Sturdy MP,E14001062,2517,3.2038797876809104
532,Aberavon,"50,422","51,233",49821.0,Neath Port Talbot,Wales,,Stephen Kinnock MP,W07000049,712,1.4291162361253287
533,Aberconwy,"43,976","45,407",45525.0,Denbighshire,Wales,,Guto Bebb MP,W07000058,1079,2.370126304228446
534,Alyn and Deeside,"60,331","62,196",62016.0,Flintshire;Wrexham,Wales,,Mark Tami MP,W07000043,1199,1.9333720330237356
535,Arfon,"42,998","41,138",40492.0,Gwynedd,Wales,,Hywel Williams MP,W07000057,1601,3.953867430603576
536,Blaenau Gwent,"53,120","53,791",51335.0,Blaenau Gwent,Wales,,Nick Smith MP,W07000072,644,1.2545047238726015
537,Brecon and Radnorshire,"53,497","53,882",54441.0,Powys,Wales,,Chris Davies MP,W07000068,1555,2.856303153873
538,Bridgend,"57,046","59,533",59998.0,Bridgend,Wales,,Mrs Madeleine Moon MP,W07000073,1236,2.060068668955632
539,Caerphilly,"64,120","61,876",63603.0,Caerphilly; Newport,Wales,,Wayne David MP,W07000076,1191,1.8725531814537049
540,Cardiff Central,"60,864","64,225",57456.0,Cardiff,Wales,,Jo Stevens MP,W07000050,3705,6.4484126984126995
541,Cardiff North,"63,615","67,194",67196.0,Cardiff,Wales,,Craig Williams MP,W07000051,2917,4.341032204297875
542,Cardiff South and Penarth,"67,855","75,175",76006.0,Cardiff,Wales,,Stephen Doughty MP,W07000080,3303,4.345709549246112
543,Cardiff West,"64,587","64,295",66762.0,Cardiff,Wales,,Kevin Brennan MP,W07000079,3031,4.540007788861927
544,Carmarthen East and Dinefwr,"52,741","54,557",55750.0,Carmarthenshire,Wales,,Jonathan Edwards MP,W07000067,1229,2.2044843049327354
545,Carmarthen West and South Pembrokeshire,"57,143","58,994",57755.0,Carmarthenshire; Pembrokeshire,Wales,,Simon Hart MP,W07000066,1250,2.164314777941304
546,Ceredigion,"52,514","56,942",54242.0,Ceredigion,Wales,,Mr Mark Williams MP,W07000064,2195,4.046679694701523
547,Clwyd South,"51,201","54,895",54996.0,Clwyd; Denbighshire,Wales,,Susan Elan Jones MP,W07000062,1085,1.972870754236672
548,Clwyd West,"55,381","58,544",58644.0,Clwyd,Wales,,Rt Hon David Jones MP,W07000059,1236,2.107632494372826
549,Cynon Valley,"48,272","52,372",51422.0,Rhondda Cynon Taf,Wales,,Rt Hon Ann Clwyd MP,W07000070,745,1.4487962350744816
550,Delyn,"54,277","54,405",53639.0,Flintshire; Conwy,Wales,,Rt Hon David Hanson MP,W07000042,1018,1.897872816420888
551,Dwyfor Meirionnydd,"48,823","45,006",44394.0,Gwynedd,Wales,,Liz Saville Roberts MP,W07000061,1081,2.435013740595576
552,Gower,"60,535","62,389",61820.0,Swansea,Wales,,Byron Davies MP,W07000046,1503,2.431252021999353
553,Islwyn,"56,225","54,792",55697.0,Caerphilly,Wales,,Chris Evans MP,W07000077,853,1.531500798965833
554,Llanelli,"57,409","59,266",59314.0,Carmarthenshire; Swansea,Wales,,Nia Griffith MP,W07000045,996,1.6791988400714841
555,Merthyr Tydfil and Rhymney,"55,476","55,409",61716.0,Merthyr Tydfil; Caerphilly,Wales,,Gerald Jones MP,W07000071,770,1.2476505282260677
556,Monmouth,"62,423","65,432",62248.0,Monmouthshire,Wales,,David T. C. Davies MP,W07000054,2145,3.4458938439789226
557,Montgomeryshire,"46,655","48,910",48690.0,Powys,Wales,,Glyn Davies MP,W07000063,1261,2.5898541795029777
558,Neath,"56,982","57,823",56097.0,Neath Port Talbot,Wales,,Christina Rees MP,W07000069,962,1.7148867140845323
559,Newport East,"56,355","55,224",56015.0,Newport,Wales,,Jessica Morden MP,W07000055,1167,2.0833705257520307
560,Newport West,"60,882","63,056",62137.0,Newport,Wales,,Paul Flynn MP,W07000056,1570,2.526674927981718
561,Ogmore,"53,842","55,851",55572.0,Rhondda Cynon Taf,Wales,,Chris Elmore MP,W07000074,866,1.5583387317354065
562,Pontypridd,"54,122","60,275",58940.0,Rhondda Cynon Taf,Wales,,Owen Smith MP,W07000075,1386,2.351543942992874
563,Preseli Pembrokeshire,"56,001","58,343",57291.0,Pembrokeshire,Wales,,Rt Hon Stephen Crabb MP,W07000065,1473,2.5710844635283028
564,Rhondda,"50,389","52,862",51811.0,Rhondda Cynon Taf,Wales,,Chris Bryant MP,W07000052,664,1.2815811314199688
565,Swansea East,"57,226","60,809",58011.0,Swansea,Wales,,Carolyn Harris MP,W07000048,930,1.6031442312664839
566,Swansea West,"58,336","62,769",58776.0,Swansea,Wales,,Geraint Davies MP,W07000047,2017,3.4316727916156253
567,Torfaen,"61,371","61,806",61896.0,Torfaen,Wales,,Nick Thomas-Symonds MP,W07000053,966,1.5606824350523458
568,Vale of Clwyd,"49,637","56,585",56505.0,Denbighshire,Wales,,Dr James Davies MP,W07000060,1020,1.8051499867268384
569,Vale of Glamorgan,"68,229","71,585",72794.0,Vale of Glamorgan,Wales,,Rt Hon Alun Cairns MP,W07000078,1977,2.7158831771849328
570,Wrexham,"50,980","53,733",50992.0,Wrexham,Wales,,Ian C. Lucas MP,W07000044,976,1.9140257295262004
571,Ynys Mn,"49,831","49,721",49939.0,Isle of Anglesey,Wales,,Albert Owen MP,W07000041,1052,2.106570015418811
572,Belfast East,"60,129","60,050",63157.0,Belfast; Castlereagh,Northern Ireland,,Gavin Robinson MP,N06000001,1312,2.077362762639137
573,Belfast North,"63,193","66,825",68553.0,Belfast; Newtownabbey,Northern Ireland,,Rt Hon Nigel Dodds MP,N06000002,1102,1.6075153530844748
574,Belfast South,"58,225","60,726",64927.0,Belfast; Castlereagh,Northern Ireland,,Dr Alasdair McDonnell MP,N06000003,2681,4.129252853204369
575,Belfast West,"55,025","60,520",62697.0,Belfast; Lisburn,Northern Ireland,,Paul Maskey MP,N06000004,802,1.2791680622677322
576,East Antrim,"56,125","61,253",62811.0,Carrickfergus; Larne; Moyle,Northern Ireland,,Sammy Wilson MP,N06000005,824,1.3118721243094362
577,East Londonderry,"60,494","64,546",66926.0,Coleraine; Londonderry/Derry,Northern Ireland,,Mr Gregory Campbell MP,N06000006,698,1.0429429519170428
578,Fermanagh and South Tyrone,"64,345","68,979",70108.0,Fermanagh; Dungannon and South Tyrone,Northern Ireland,,Tom Elliott MP,N06000007,564,0.8044730986478005
579,Foyle,"60,823","67,810",70036.0,Londonderry/Derry,Northern Ireland,,Mark Durkan MP,N06000008,1110,1.5848991946998687
580,Lagan Valley,"60,973","66,327",71152.0,Lisburn; Banbridge,Northern Ireland,,Rt Hon Sir Jeffrey M. Donaldson MP,N06000009,1059,1.4883629413087474
581,Mid Ulster,"60,119","65,655",67832.0,Magherafelt; Cookstown; Dungannon and South Tyrone,Northern Ireland,,Francie Molloy MP,N06000010,474,0.6987852341077958
582,Newry and Armagh,"68,730","75,856",77633.0,Armagh; Newry and Mourne,Northern Ireland,,Mickey Brady MP,N06000011,703,0.905542745997192
583,North Antrim,"72,814","74,094",75876.0,Ballymena; Ballymoney; Moyle,Northern Ireland,,Ian Paisley MP,N06000012,577,0.7604512625863251
584,North Down,"57,435","61,615",64207.0,Ards; North Down,Northern Ireland,,Lady Hermon MP,N06000013,1270,1.977977479091065
585,South Antrim,"56,594","64,254",67425.0,Antrim; Newtownabbey; Lisburn,Northern Ireland,,Danny Kinahan MP,N06000014,848,1.257693733778272
586,South Down,"64,530","72,092",75220.0,Down; Newry and Mourne; Banbridge,Northern Ireland,,Ms Margaret Ritchie MP,N06000015,1039,1.3812815740494548
587,Strangford,"57,463","61,566",64289.0,Ards; Castlereagh; Down,Northern Ireland,,Jim Shannon MP,N06000016,710,1.1043879979467717
588,Upper Bann,"68,806","76,209",80060.0,Craigavon; Banbridge,Northern Ireland,,David Simpson MP,N06000017,847,1.0579565326005496
589,West Tyrone,"57,847","62,258",63856.0,Omagh; Strabane,Northern Ireland,,Mr Pat Doherty MP,N06000018,509,0.7971059884740667
590,Aberdeen North,"69,622","64,753",67745.0,Aberdeen City,Scotland,,Kirsty Blackman MP,S14000001,2291,3.381799394789283
591,Aberdeen South,"69,332","64,330",68056.0,Aberdeen City,Scotland,,Callum McCaig MP,S14000002,2374,3.4883037498530625
592,Airdrie and Shotts,"63,309","62,789",66792.0,North Lanarkshire,Scotland,,Neil Gray MP,S14000003,991,1.4837106240268296
593,Angus,"64,591","64,178",65792.0,Angus,Scotland,,Mike Weir MP,S14000004,1316,2.0002431906614784
594,Argyll and Bute,"69,571","67,692",68875.0,Argyll and Bute,Scotland,,Brendan O'Hara MP,S14000005,2222,3.2261343012704176
595,"Ayr, Carrick and Cumnock","74,159","73,708",72995.0,East Ayrshire and South Ayrshire,Scotland,,Corri Wilson MP,S14000006,1200,1.6439482156312075
596,Banff and Buchan,"65,970","65,183",68609.0,Aberdeenshire,Scotland,,Dr Eilidh Whiteford MP,S14000007,1007,1.4677374688451952
597,"Berwickshire, Roxburgh and Selkirk","72,430","74,115",74214.0,Scottish Borders,Scotland,,Calum Kerr MP,S14000008,1834,2.4712318430484816
598,"Caithness, Sutherland and Easter Ross","46,533","47,572",47558.0,Highland,Scotland,,Dr Paul Monaghan MP,S14000009,1062,2.233062786492283
599,Central Ayrshire,"69,161","69,243",70021.0,North Ayrshire and South Ayrshire,Scotland,,Dr Philippa Whitford MP,S14000010,1289,1.8408763085360107
600,"Coatbridge, Chryston and Bellshill","67,647","70,537",73894.0,North Lanarkshire,Scotland,,Philip Boswell MP,S14000011,1413,1.9121985546864426
601,"Cumbernauld, Kilsyth and Kirkintilloch East","67,802","65,317",67088.0,East Dunbartonshire and North Lanarkshire,Scotland,,Stuart C. McDonald MP,S14000012,1685,2.511626520391128
602,Dumfries and Galloway,"75,316","74,414",75249.0,Dumfries and Galloway,Scotland,,Richard Arkless MP,S14000013,1507,2.0026844210554295
603,"Dumfriesshire, Clydesdale and Tweeddale","65,137","67,066",68483.0,"Dumfries and Galloway, Scottish Borders and South Lanarkshire",Scotland,,Rt Hon David Mundell MP,S14000014,1792,2.6167077960953815
604,Dundee East,"65,059","65,702",67822.0,Angus and Dundee City,Scotland,,Stewart Hosie MP,S14000015,1800,2.6540060747250154
605,Dundee West,"67,751","63,065",65927.0,Angus and Dundee City,Scotland,,Chris Law MP,S14000016,2192,3.3248896506742307
606,Dunfermline and West Fife,"70,373","74,621",78037.0,Fife,Scotland,,Douglas Chapman MP,S14000017,2256,2.890936350705435
607,East Dunbartonshire,"66,724","64,186",66966.0,East Dunbartonshire,Scotland,,John Nicolson MP,S14000018,2496,3.7272645820267
608,"East Kilbride, Strathaven and Lesmahagow","77,257","77,985",83205.0,South Lanarkshire,Scotland,,Dr Lisa Cameron MP,S14000019,2025,2.43374797187669
609,East Lothian,"71,288","74,320",79481.0,East Lothian,Scotland,,George Kerevan MP,S14000020,2817,3.544243278267762
610,East Renfrewshire,"69,249","68,117",69982.0,East Renfrewshire,Scotland,,Kirsten Oswald MP,S14000021,2538,3.6266468520476693
611,Edinburgh East,"74,505","60,594",67141.0,City of Edinburgh,Scotland,,Tommy Sheppard MP,S14000022,5338,7.9504326715419795
612,Edinburgh North and Leith,"74,762","69,580",80910.0,City of Edinburgh,Scotland,,Deidre Brock MP,S14000023,7051,8.71462118403164
613,Edinburgh South,"68,884","59,285",65801.0,City of Edinburgh,Scotland,,Ian Murray MP,S14000024,4708,7.15490646038814
614,Edinburgh South West,"75,787","66,262",72149.0,City of Edinburgh,Scotland,,Joanna Cherry QC MP,S14000025,4185,5.800496195373463
615,Edinburgh West,"70,603","65,526",71717.0,City of Edinburgh,Scotland,,Michelle Thomson MP,S14000026,3100,4.322545561024583
616,Falkirk,"78,281","82,473",83380.0,Falkirk,Scotland,,John Mc Nally MP,S14000028,1923,2.3063084672583356
617,Glasgow Central,"70,378","67,521",70945.0,Glasgow City,Scotland,,Alison Thewliss MP,S14000029,4265,6.011699203608429
618,Glasgow East,"70,167","66,482",70378.0,Glasgow City,Scotland,,Natalie McGarry MP,S14000030,1116,1.585722811105743
619,Glasgow North,"63,729","54,620",60169.0,Glasgow City,Scotland,,Patrick Grady MP,S14000031,4369,7.2612142465389145
620,Glasgow North East,"70,899","64,171",66678.0,Glasgow City,Scotland,,Anne McLaughlin MP,S14000032,1549,2.3231050721377366
621,Glasgow North West,"67,087","64,522",68418.0,Glasgow City,Scotland,,Carol Monaghan MP,S14000033,2739,4.0033324563711306
622,Glasgow South,"74,482","69,122",74051.0,Glasgow City,Scotland,,Stewart Malcolm McDonald MP,S14000034,3595,4.854762258443506
623,Glasgow South West,"66,335","62,378",66209.0,Glasgow City,Scotland,,Chris Stephens MP,S14000035,1634,2.4679424247458805
624,Glenrothes,"69,499","68,393",69781.0,Fife,Scotland,,Peter Grant MP,S14000036,1210,1.733996360040699
625,Gordon,"69,631","74,394",79393.0,Aberdeenshire,Scotland,,Rt Hon Alex Salmond MP,S14000037,1925,2.42464700918217
626,Inverclyde,"65,485","61,038",59350.0,Inverclyde,Scotland,,Ronnie Cowan MP,S14000038,1297,2.185341196293176
627,"Inverness, Nairn, Badenoch and Strathspey","67,790","72,764",77628.0,Highland,Scotland,,Drew Hendry MP,S14000039,2198,2.8314525686607923
628,Kilmarnock and Loudoun,"72,922","75,001",75250.0,East Ayrshire,Scotland,,Alan Brown MP,S14000040,1392,1.8498338870431892
629,Kirkcaldy and Cowdenbeath,"74,163","74,247",75941.0,Fife,Scotland,,Roger Mullin MP,S14000041,1742,2.2938860431124164
630,Lanark and Hamilton East,"76,173","76,190",79962.0,South Lanarkshire,Scotland,,Angela Crawley MP,S14000042,1566,1.958430254370826
631,Linlithgow and East Falkirk,"78,675","81,756",86955.0,West Lothian and Falkirk,Scotland,,Martyn Day MP,S14000043,2009,2.310390431832557
632,Livingston,"76,299","76,580",82373.0,West Lothian,Scotland,,Hannah Bardell MP,S14000044,2076,2.520243283600209
633,Midlothian,"62,787","61,986",67875.0,Midlothian,Scotland,,Owen Thompson MP,S14000045,1938,2.8552486187845303
634,Moray,"63,959","66,726",71685.0,Moray,Scotland,,Rt Hon Angus Robertson MP,S14000046,1551,2.1636325591127847
635,Motherwell and Wishaw,"67,499","66,949",70283.0,North Lanarkshire,Scotland,,Marion Fellows MP,S14000047,1225,1.742953488041205
636,Na h-Eileanan an Iar,"21,884","21,837",21769.0,Na h-Eileanan Siar,Scotland,,Angus Brendan MacNeil MP,S14000027,477,2.191189305893702
637,North Ayrshire and Arran,"73,182","75,201",75791.0,North Ayrshire,Scotland,,Patricia Gibson MP,S14000048,1556,2.0530142101304905
638,North East Fife,"64,813","63,349",62003.0,Fife,Scotland,,Stephen Gethins MP,S14000049,2650,4.273986742576972
639,Ochil and South Perthshire,"71,738","75,848",77370.0,Clackmannanshire and Perth and Kinross,Scotland,,Ms Tasmina Ahmed-Sheikh MP,S14000050,2246,2.9029339537288354
640,Orkney and Shetland,"32,181","33,755",34552.0,Orkney Islands and Shetland Islands,Scotland,,Rt Hon Alistair Carmichael MP,S14000051,1107,3.203866635795323
641,Paisley and Renfrewshire North,"68,642","65,847",66206.0,Renfrewshire,Scotland,,Gavin Newlands MP,S14000052,1768,2.6704528290487266
642,Paisley and Renfrewshire South,"68,038","63,268",61281.0,Renfrewshire,Scotland,,Mhairi Black MP,S14000053,1689,2.756156067949283
643,Perth and North Perthshire,"70,718","73,064",72459.0,Perth and Kinross,Scotland,,Pete Wishart MP,S14000054,2129,2.938213334437406
644,"Ross, Skye and Lochaber","49,544","52,064",54169.0,Highland,Scotland,,Ian Blackford MP,S14000055,2193,4.048440990234267
645,Rutherglen and Hamilton West,"75,370","77,729",82830.0,South Lanarkshire,Scotland,,Margaret Ferrier MP,S14000056,1919,2.3167934323312807
646,Stirling,"66,393","66,743",67236.0,Stirling,Scotland,,Steven Paterson MP,S14000057,2828,4.206080076149682
647,West Aberdeenshire and Kincardine,"62,214","67,060",73445.0,Aberdeenshire,Scotland,,Stuart Blair Donaldson MP,S14000058,2189,2.980461569882225
648,West Dunbartonshire,"71,710","66,738",69208.0,West Dunbartonshire,Scotland,,Martin Docherty-Hughes MP,S14000059,1499,2.1659345740376836
